-- phpMyAdmin SQL Dump
-- version 4.3.11
-- http://www.phpmyadmin.net
--
-- Host: 127.0.0.1
-- Generation Time: Jun 09, 2015 at 05:50 AM
-- Server version: 5.6.24
-- PHP Version: 5.5.24

SET SQL_MODE = "NO_AUTO_VALUE_ON_ZERO";
SET time_zone = "+00:00";


/*!40101 SET @OLD_CHARACTER_SET_CLIENT=@@CHARACTER_SET_CLIENT */;
/*!40101 SET @OLD_CHARACTER_SET_RESULTS=@@CHARACTER_SET_RESULTS */;
/*!40101 SET @OLD_COLLATION_CONNECTION=@@COLLATION_CONNECTION */;
/*!40101 SET NAMES utf8 */;

--
-- Database: `shareservice`
--

-- --------------------------------------------------------

--
-- Table structure for table `migrations`
--

CREATE TABLE IF NOT EXISTS `migrations` (
  `migration` varchar(255) COLLATE utf8_unicode_ci NOT NULL,
  `batch` int(11) NOT NULL
) ENGINE=InnoDB DEFAULT CHARSET=utf8 COLLATE=utf8_unicode_ci;

--
-- Dumping data for table `migrations`
--

INSERT INTO `migrations` (`migration`, `batch`) VALUES
('2014_10_12_000000_create_users_table', 1),
('2014_10_12_100000_create_password_resets_table', 1),
('2015_05_19_150843_create_tmh_package_table', 1),
('2015_05_19_152025_create_tmh_package_shelf_table', 1),
('2015_05_19_152505_create_tmh_priceplan_table', 1),
('2015_05_19_153352_create_tmh_shelf_table', 1),
('2015_05_19_153711_create_tmh_language_table', 1),
('2015_05_26_145349_create_categories_table', 1);

-- --------------------------------------------------------

--
-- Table structure for table `password_resets`
--

CREATE TABLE IF NOT EXISTS `password_resets` (
  `email` varchar(255) COLLATE utf8_unicode_ci NOT NULL,
  `token` varchar(255) COLLATE utf8_unicode_ci NOT NULL,
  `created_at` timestamp NOT NULL DEFAULT '0000-00-00 00:00:00'
) ENGINE=InnoDB DEFAULT CHARSET=utf8 COLLATE=utf8_unicode_ci;

-- --------------------------------------------------------

--
-- Table structure for table `tmh_categories`
--

CREATE TABLE IF NOT EXISTS `tmh_categories` (
  `id` int(10) unsigned NOT NULL,
  `type` varchar(255) COLLATE utf8_unicode_ci NOT NULL,
  `name_th` varchar(255) COLLATE utf8_unicode_ci NOT NULL,
  `name_en` varchar(255) COLLATE utf8_unicode_ci NOT NULL,
  `created_at` timestamp NOT NULL DEFAULT '0000-00-00 00:00:00',
  `updated_at` timestamp NOT NULL DEFAULT '0000-00-00 00:00:00',
  `deleted_at` datetime DEFAULT NULL
) ENGINE=InnoDB AUTO_INCREMENT=6 DEFAULT CHARSET=utf8 COLLATE=utf8_unicode_ci;

--
-- Dumping data for table `tmh_categories`
--

INSERT INTO `tmh_categories` (`id`, `type`, `name_th`, `name_en`, `created_at`, `updated_at`, `deleted_at`) VALUES
(1, 'generic', 'ส่วนใหญ่ บริการขั้นสูง', 'Most Advanced Services', '2015-06-02 10:00:00', '2015-06-02 10:00:00', NULL),
(2, 'generic', 'บันทึกด้วย แพคเกจ พิเศษ ของเรา', 'Save With Our Special Packages', '2015-06-02 10:00:00', '2015-06-02 10:00:00', NULL),
(3, 'convergence', 'ทรู บรรจบ :Bundle ที่เหมาะสมสำหรับ ทั้งครอบครัว เพลิดเพลินไปกับ', 'True Convergence : The Right Bundle for the Whole Family to Enjoy', '2015-06-02 10:00:00', '2015-06-02 10:00:00', NULL),
(4, 'generic', 'ย้าย ไปยังเรา', 'Move To Us', '2015-06-02 10:00:00', '2015-06-02 10:00:00', NULL),
(5, 'inter', 'บริการ ระหว่างประเทศ', 'International Service', '2015-06-02 10:00:00', '2015-06-02 10:00:00', NULL);

-- --------------------------------------------------------

--
-- Table structure for table `tmh_language`
--

CREATE TABLE IF NOT EXISTS `tmh_language` (
  `id` int(10) unsigned NOT NULL,
  `fk_content_id` int(11) NOT NULL,
  `table_field` varchar(128) COLLATE utf8_unicode_ci NOT NULL,
  `table_name` varchar(128) COLLATE utf8_unicode_ci NOT NULL,
  `value` text COLLATE utf8_unicode_ci NOT NULL,
  `lang` varchar(8) COLLATE utf8_unicode_ci NOT NULL,
  `deleted_at` datetime NOT NULL,
  `created_at` timestamp NOT NULL DEFAULT '0000-00-00 00:00:00',
  `updated_at` timestamp NOT NULL DEFAULT '0000-00-00 00:00:00'
) ENGINE=InnoDB DEFAULT CHARSET=utf8 COLLATE=utf8_unicode_ci;

-- --------------------------------------------------------

--
-- Table structure for table `tmh_package`
--

CREATE TABLE IF NOT EXISTS `tmh_package` (
  `id` int(10) unsigned NOT NULL,
  `name_th` varchar(256) COLLATE utf8_unicode_ci NOT NULL,
  `name_en` varchar(256) COLLATE utf8_unicode_ci NOT NULL,
  `type` varchar(16) COLLATE utf8_unicode_ci NOT NULL,
  `fk_tmh_category_id` int(11) NOT NULL,
  `dn_tmh_category_type` varchar(256) COLLATE utf8_unicode_ci NOT NULL,
  `dn_tmh_category_name_th` varchar(256) COLLATE utf8_unicode_ci NOT NULL,
  `dn_tmh_category_name_en` varchar(256) COLLATE utf8_unicode_ci NOT NULL,
  `telecom_generation` varchar(8) COLLATE utf8_unicode_ci NOT NULL,
  `message_caption_th` varchar(256) COLLATE utf8_unicode_ci NOT NULL,
  `message_caption_en` varchar(256) COLLATE utf8_unicode_ci NOT NULL,
  `js_marketing_message_th` text COLLATE utf8_unicode_ci NOT NULL,
  `js_marketing_message_en` text COLLATE utf8_unicode_ci NOT NULL,
  `js_pp_marketing_message_th` text COLLATE utf8_unicode_ci NOT NULL,
  `js_pp_marketing_message_en` text COLLATE utf8_unicode_ci NOT NULL,
  `status` varchar(8) COLLATE utf8_unicode_ci NOT NULL,
  `publish_start_date` datetime NOT NULL,
  `publish_end_date` datetime DEFAULT NULL,
  `sort` int(11) NOT NULL,
  `js_allow_function` varchar(256) COLLATE utf8_unicode_ci NOT NULL,
  `deleted_at` datetime DEFAULT NULL,
  `created_at` timestamp NOT NULL DEFAULT '0000-00-00 00:00:00',
  `updated_at` timestamp NOT NULL DEFAULT '0000-00-00 00:00:00'
) ENGINE=InnoDB AUTO_INCREMENT=9 DEFAULT CHARSET=utf8 COLLATE=utf8_unicode_ci;

--
-- Dumping data for table `tmh_package`
--

INSERT INTO `tmh_package` (`id`, `name_th`, `name_en`, `type`, `fk_tmh_category_id`, `dn_tmh_category_type`, `dn_tmh_category_name_th`, `dn_tmh_category_name_en`, `telecom_generation`, `message_caption_th`, `message_caption_en`, `js_marketing_message_th`, `js_marketing_message_en`, `js_pp_marketing_message_th`, `js_pp_marketing_message_en`, `status`, `publish_start_date`, `publish_end_date`, `sort`, `js_allow_function`, `deleted_at`, `created_at`, `updated_at`) VALUES
(2, 'ไอ สมาท', 'Ismart', 'post', 1, 'generic', 'ส่วนใหญ่ บริการขั้นสูง', 'Most Advanced Services', '3G', 'สุดคุ้ม แพคเกต ไอสมาท', 'comca ismart service', '', '', '', '', 'active', '0000-00-00 00:00:00', NULL, 3, '{"allow_mnp":"no","allow_new_number":"no"}', NULL, '2015-06-02 14:39:38', '2015-06-02 14:39:38'),
(5, '4G แพคเกต', '4G Package', 'post', 1, 'generic', 'ส่วนใหญ่ บริการขั้นสูง', 'Most Advanced Services', '4G', 'ความเร็ว ที่เร็วที่สุด ที่มี ข้อมูล เพิ่มเติม', 'Fastest Speed with More Data', '', '', '', '', 'active', '0000-00-00 00:00:00', NULL, 3, '{"allow_mnp":"yes","allow_new_number":"yes"}', NULL, '2015-06-02 14:44:41', '2015-06-02 14:44:41'),
(8, '4G แพคเกต', '4G Package', 'post', 2, 'generic', 'บันทึกด้วย แพคเกจ พิเศษ ของเรา', 'Save With Our Special Packages', '4G', 'ความเร็ว ที่เร็วที่สุด ที่มี ข้อมูล เพิ่มเติม', 'Fastest Speed with More Data', '', '', '', '', 'active', '0000-00-00 00:00:00', NULL, 3, '{"allow_mnp":"yes","allow_new_number":"yes"}', NULL, '2015-06-02 18:10:11', '2015-06-02 18:10:11');

-- --------------------------------------------------------

--
-- Table structure for table `tmh_package_shelf`
--

CREATE TABLE IF NOT EXISTS `tmh_package_shelf` (
  `id` int(10) unsigned NOT NULL,
  `fk_tmh_package_id` int(11) NOT NULL,
  `dn_tmh_package_name_th` varchar(256) COLLATE utf8_unicode_ci NOT NULL,
  `dn_tmh_package_name_en` varchar(256) COLLATE utf8_unicode_ci NOT NULL,
  `dn_tmh_package_type` varchar(256) COLLATE utf8_unicode_ci NOT NULL,
  `dn_tmh_package_category_id` int(11) NOT NULL,
  `dn_tmh_package_catagory_type` varchar(256) COLLATE utf8_unicode_ci NOT NULL,
  `dn_tmh_package_catagory_name_th` varchar(256) COLLATE utf8_unicode_ci NOT NULL,
  `dn_tmh_package_catagory_name_en` varchar(256) COLLATE utf8_unicode_ci NOT NULL,
  `dn_tmh_package_telecom_generation` varchar(8) COLLATE utf8_unicode_ci NOT NULL,
  `dn_tmh_package_status` varchar(16) COLLATE utf8_unicode_ci NOT NULL,
  `dn_tmh_publish_start_date` datetime NOT NULL,
  `dn_tmh_publish_end_date` datetime DEFAULT NULL,
  `dn_tmh_package_js_allow_function` text COLLATE utf8_unicode_ci NOT NULL,
  `dn_tmh_message_caption_th` varchar(256) COLLATE utf8_unicode_ci NOT NULL,
  `dn_tmh_message_caption_en` varchar(256) COLLATE utf8_unicode_ci NOT NULL,
  `dn_tmh_package_sort` varchar(255) COLLATE utf8_unicode_ci NOT NULL,
  `fk_tmh_shelf_id` int(11) NOT NULL,
  `dn_tmh_shelf_code` varchar(64) COLLATE utf8_unicode_ci NOT NULL,
  `dn_tmh_shelf_name_th` varchar(256) COLLATE utf8_unicode_ci NOT NULL,
  `dn_tmh_shelf_name_en` varchar(256) COLLATE utf8_unicode_ci NOT NULL,
  `dn_tmh_banner_th` varchar(256) COLLATE utf8_unicode_ci NOT NULL,
  `dn_tmh_banner_en` varchar(256) COLLATE utf8_unicode_ci NOT NULL,
  `dn_tmh_note` varchar(256) COLLATE utf8_unicode_ci NOT NULL,
  `dn_js_marketing_message_th` text COLLATE utf8_unicode_ci NOT NULL,
  `dn_js_marketing_message_en` text COLLATE utf8_unicode_ci NOT NULL,
  `deleted_at` datetime DEFAULT NULL,
  `created_at` timestamp NOT NULL DEFAULT '0000-00-00 00:00:00',
  `updated_at` timestamp NOT NULL DEFAULT '0000-00-00 00:00:00'
) ENGINE=InnoDB AUTO_INCREMENT=30 DEFAULT CHARSET=utf8 COLLATE=utf8_unicode_ci;

--
-- Dumping data for table `tmh_package_shelf`
--

INSERT INTO `tmh_package_shelf` (`id`, `fk_tmh_package_id`, `dn_tmh_package_name_th`, `dn_tmh_package_name_en`, `dn_tmh_package_type`, `dn_tmh_package_category_id`, `dn_tmh_package_catagory_type`, `dn_tmh_package_catagory_name_th`, `dn_tmh_package_catagory_name_en`, `dn_tmh_package_telecom_generation`, `dn_tmh_package_status`, `dn_tmh_publish_start_date`, `dn_tmh_publish_end_date`, `dn_tmh_package_js_allow_function`, `dn_tmh_message_caption_th`, `dn_tmh_message_caption_en`, `dn_tmh_package_sort`, `fk_tmh_shelf_id`, `dn_tmh_shelf_code`, `dn_tmh_shelf_name_th`, `dn_tmh_shelf_name_en`, `dn_tmh_banner_th`, `dn_tmh_banner_en`, `dn_tmh_note`, `dn_js_marketing_message_th`, `dn_js_marketing_message_en`, `deleted_at`, `created_at`, `updated_at`) VALUES
(2, 2, 'ไอ สมาท	', 'Ismart', 'post', 1, 'generic', '	ส่วนใหญ่ บริการขั้นสูง', 'Most Advanced Services', '3G', 'active', '0000-00-00 00:00:00', NULL, '{"allow_mnp":"no","allow_new_number":"no"}', 'สุดคุ้ม แพคเกต ไอสมาท', 'comca ismart service	', '3', 1, 'most_advance_service', 'โมสแอ๊ดว๊านเซอวิค	', 'Most Advanced Services	', 'http://th01.deviantart.net/fs70/PRE/i/2014/046/e/8...	', 'http://th01.deviantart.net/fs70/PRE/i/2014/046/e/8...	', 'xxxxxxx', '{"post":"1","pre":"1"}	', '{"allow_category_1":"1","allow_category_2":"1","allow_category_3":"1","allow_category_4":"1","allow_category_5":"1"}', NULL, '2015-06-03 17:00:00', '2015-06-03 17:00:00'),
(5, 5, 'ไอ สมาท	', 'Ismart', 'post', 1, 'generic', '	ส่วนใหญ่ บริการขั้นสูง', 'Most Advanced Services', '3G', 'active', '0000-00-00 00:00:00', NULL, '{"allow_mnp":"no","allow_new_number":"no"}', 'สุดคุ้ม แพคเกต ไอสมาท', 'comca ismart service	', '3', 1, 'most_advance_service', 'โมสแอ๊ดว๊านเซอวิค	', 'Most Advanced Services	', 'http://th01.deviantart.net/fs70/PRE/i/2014/046/e/8...	', 'http://th01.deviantart.net/fs70/PRE/i/2014/046/e/8...	', 'xxxxxxx', '{"post":"1","pre":"1"}	', '{"allow_category_1":"1","allow_category_2":"1","allow_category_3":"1","allow_category_4":"1","allow_category_5":"1"}', NULL, '2015-06-03 10:00:00', '2015-06-03 10:00:00'),
(8, 5, 'ไอ สมาท	', 'Ismart', 'post', 1, 'generic', '	ส่วนใหญ่ บริการขั้นสูง', 'Most Advanced Services', '3G', 'active', '0000-00-00 00:00:00', NULL, '{"allow_mnp":"no","allow_new_number":"no"}', 'สุดคุ้ม แพคเกต ไอสมาท', 'comca ismart service	', '3', 1, 'most_advance_service', 'โมสแอ๊ดว๊านเซอวิค	', 'Most Advanced Services	', 'http://th01.deviantart.net/fs70/PRE/i/2014/046/e/8...	', 'http://th01.deviantart.net/fs70/PRE/i/2014/046/e/8...	', 'xxxxxxx', '{"post":"1","pre":"1"}	', '{"allow_category_1":"1","allow_category_2":"1","allow_category_3":"1","allow_category_4":"1","allow_category_5":"1"}', NULL, '2015-06-03 10:00:00', '2015-06-03 10:00:00'),
(11, 5, 'ไอ สมาท	', 'Ismart', 'post', 1, 'generic', '	ส่วนใหญ่ บริการขั้นสูง', 'Most Advanced Services', '3G', 'active', '0000-00-00 00:00:00', NULL, '{"allow_mnp":"no","allow_new_number":"no"}', 'สุดคุ้ม แพคเกต ไอสมาท', 'comca ismart service	', '3', 5, 'save_with_our_special_packages', 'เซฟวิทอัส', 'Save With Our Special Packages', 'http://th01.deviantart.net/fs70/PRE/i/2014/046/e/8...	', 'http://th01.deviantart.net/fs70/PRE/i/2014/046/e/8...	', 'xxxxxxx', '{"post":"1","pre":"1"}	', '{"allow_category_1":"1","allow_category_2":"1","allow_category_3":"1","allow_category_4":"1","allow_category_5":"1"}', NULL, '2015-06-03 10:00:00', '2015-06-03 10:00:00'),
(14, 5, 'ไอ สมาท	', 'Ismart', 'post', 1, 'generic', '	ส่วนใหญ่ บริการขั้นสูง', 'Most Advanced Services', '3G', 'active', '0000-00-00 00:00:00', NULL, '{"allow_mnp":"no","allow_new_number":"no"}', 'สุดคุ้ม แพคเกต ไอสมาท', 'comca ismart service	', '3', 8, 'true_convergence', 'ทรูคอนเวอเจ้น', 'True Convergence ', 'http://th01.deviantart.net/fs70/PRE/i/2014/046/e/8...	', 'http://th01.deviantart.net/fs70/PRE/i/2014/046/e/8...	', 'xxxxxxx', '{"post":"1","pre":"1"}	', '{"allow_category_1":"1","allow_category_2":"1","allow_category_3":"1","allow_category_4":"1","allow_category_5":"1"}', NULL, '2015-06-03 10:00:00', '2015-06-03 10:00:00'),
(17, 5, 'ไอ สมาท	', 'Ismart', 'post', 1, 'generic', '	ส่วนใหญ่ บริการขั้นสูง', 'Most Advanced Services', '3G', 'active', '0000-00-00 00:00:00', NULL, '{"allow_mnp":"no","allow_new_number":"no"}', 'สุดคุ้ม แพคเกต ไอสมาท', 'comca ismart service	', '3', 11, 'move_to_us', 'มูฟทูอัส', 'True Convergence ', 'http://th01.deviantart.net/fs70/PRE/i/2014/046/e/8...	', 'http://th01.deviantart.net/fs70/PRE/i/2014/046/e/8...	', 'xxxxxxx', '{"post":"1","pre":"1"}	', '{"allow_category_1":"1","allow_category_2":"1","allow_category_3":"1","allow_category_4":"1","allow_category_5":"1"}', NULL, '2015-06-03 10:00:00', '2015-06-03 10:00:00'),
(23, 5, 'ไอ สมาท	', 'Ismart', 'post', 1, 'generic', '	ส่วนใหญ่ บริการขั้นสูง', 'Most Advanced Services', '3G', 'active', '0000-00-00 00:00:00', NULL, '{"allow_mnp":"no","allow_new_number":"no"}', 'สุดคุ้ม แพคเกต ไอสมาท', 'comca ismart service	', '3', 14, 'international_service', 'อินเตอเนชั่นแนล เซอวิค', 'True Convergence ', 'http://th01.deviantart.net/fs70/PRE/i/2014/046/e/8...	', 'http://th01.deviantart.net/fs70/PRE/i/2014/046/e/8...	', 'xxxxxxx', '{"post":"1","pre":"1"}	', '{"allow_category_1":"1","allow_category_2":"1","allow_category_3":"1","allow_category_4":"1","allow_category_5":"1"}', NULL, '2015-06-03 10:00:00', '2015-06-03 10:00:00'),
(26, 5, 'ไอ สมาท	', 'Ismart', 'post', 1, 'generic', '	ส่วนใหญ่ บริการขั้นสูง', 'Most Advanced Services', '3G', 'active', '0000-00-00 00:00:00', NULL, '{"allow_mnp":"no","allow_new_number":"no"}', 'สุดคุ้ม แพคเกต ไอสมาท', 'comca ismart service	', '3', 17, 'packages_pre', 'แพคเกต พรี', 'True Convergence ', 'http://th01.deviantart.net/fs70/PRE/i/2014/046/e/8...	', 'http://th01.deviantart.net/fs70/PRE/i/2014/046/e/8...	', 'xxxxxxx', '{"post":"1","pre":"1"}	', '{"allow_category_1":"1","allow_category_2":"1","allow_category_3":"1","allow_category_4":"1","allow_category_5":"1"}', NULL, '2015-06-03 10:00:00', '2015-06-03 10:00:00'),
(29, 5, 'ไอ สมาท	', 'Ismart', 'post', 1, 'generic', '	ส่วนใหญ่ บริการขั้นสูง', 'Most Advanced Services', '3G', 'active', '0000-00-00 00:00:00', NULL, '{"allow_mnp":"no","allow_new_number":"no"}', 'สุดคุ้ม แพคเกต ไอสมาท', 'comca ismart service	', '3', 20, 'packages_post', 'แพคเกต โพส', 'True Convergence ', 'http://th01.deviantart.net/fs70/PRE/i/2014/046/e/8...	', 'http://th01.deviantart.net/fs70/PRE/i/2014/046/e/8...	', 'xxxxxxx', '{"post":"1","pre":"1"}	', '{"allow_category_1":"1","allow_category_2":"1","allow_category_3":"1","allow_category_4":"1","allow_category_5":"1"}', NULL, '2015-06-03 10:00:00', '2015-06-03 10:00:00');

-- --------------------------------------------------------

--
-- Table structure for table `tmh_priceplan`
--

CREATE TABLE IF NOT EXISTS `tmh_priceplan` (
  `id` int(10) unsigned NOT NULL,
  `fk_tmh_package_id` int(11) NOT NULL,
  `dn_tmh_package_name_th` varchar(256) COLLATE utf8_unicode_ci NOT NULL,
  `dn_tmh_package_name_en` varchar(256) COLLATE utf8_unicode_ci NOT NULL,
  `dn_tmh_package_type` varchar(16) COLLATE utf8_unicode_ci NOT NULL,
  `dn_tmh_package_category_id` int(11) NOT NULL,
  `dn_tmh_package_catagory_type` varchar(256) COLLATE utf8_unicode_ci NOT NULL,
  `dn_tmh_package_catagory_name_th` varchar(256) COLLATE utf8_unicode_ci NOT NULL,
  `dn_tmh_package_catagory_name_en` varchar(256) COLLATE utf8_unicode_ci NOT NULL,
  `dn_tmh_package_message_caption_th` varchar(256) COLLATE utf8_unicode_ci NOT NULL,
  `dn_tmh_package_message_caption_en` varchar(256) COLLATE utf8_unicode_ci NOT NULL,
  `dn_tmh_package_telecom_generation` varchar(8) COLLATE utf8_unicode_ci NOT NULL,
  `dn_tmh_package_status` varchar(16) COLLATE utf8_unicode_ci NOT NULL,
  `dn_tmh_publish_start_date` datetime NOT NULL,
  `dn_tmh_publish_end_date` datetime DEFAULT NULL,
  `dn_tmh_package_js_allow_function` text COLLATE utf8_unicode_ci NOT NULL,
  `dn_tmh_package_sort` varchar(255) COLLATE utf8_unicode_ci NOT NULL,
  `priceplan_charge_th` varchar(128) COLLATE utf8_unicode_ci NOT NULL,
  `priceplan_charge_en` varchar(128) COLLATE utf8_unicode_ci NOT NULL,
  `priceplan_charge_per_th` varchar(128) COLLATE utf8_unicode_ci NOT NULL,
  `priceplan_charge_per_en` varchar(128) COLLATE utf8_unicode_ci NOT NULL,
  `privilege_voice_th` varchar(128) COLLATE utf8_unicode_ci NOT NULL,
  `privilege_voice_en` varchar(128) COLLATE utf8_unicode_ci NOT NULL,
  `privilege_voice_oc_th` varchar(128) COLLATE utf8_unicode_ci NOT NULL,
  `privilege_voice_oc_en` varchar(128) COLLATE utf8_unicode_ci NOT NULL,
  `privilege_data_th` varchar(128) COLLATE utf8_unicode_ci NOT NULL,
  `privilege_data_en` varchar(128) COLLATE utf8_unicode_ci NOT NULL,
  `privilege_data_mesage_th` varchar(128) COLLATE utf8_unicode_ci NOT NULL,
  `privilege_data_mesage_en` varchar(128) COLLATE utf8_unicode_ci NOT NULL,
  `privilege_data_oc_th` varchar(128) COLLATE utf8_unicode_ci NOT NULL,
  `privilege_data_oc_en` varchar(128) COLLATE utf8_unicode_ci NOT NULL,
  `privilege_wifi_th` varchar(128) COLLATE utf8_unicode_ci NOT NULL,
  `privilege_wifi_en` varchar(128) COLLATE utf8_unicode_ci NOT NULL,
  `privilege_wifi_oc_th` varchar(128) COLLATE utf8_unicode_ci NOT NULL,
  `privilege_wifi_oc_en` varchar(128) COLLATE utf8_unicode_ci NOT NULL,
  `privilege_sms_th` varchar(128) COLLATE utf8_unicode_ci NOT NULL,
  `privilege_sms_en` varchar(128) COLLATE utf8_unicode_ci NOT NULL,
  `privilege_sms_oc_th` varchar(128) COLLATE utf8_unicode_ci NOT NULL,
  `privilege_sms_oc_en` varchar(128) COLLATE utf8_unicode_ci NOT NULL,
  `privilege_mms_th` varchar(128) COLLATE utf8_unicode_ci NOT NULL,
  `privilege_mms_en` varchar(128) COLLATE utf8_unicode_ci NOT NULL,
  `privilege_mms_oc_th` varchar(128) COLLATE utf8_unicode_ci NOT NULL,
  `privilege_mms_oc_en` varchar(128) COLLATE utf8_unicode_ci NOT NULL,
  `privilege_tv_anywhere_th` varchar(128) COLLATE utf8_unicode_ci NOT NULL,
  `privilege_tv_anywhere_en` varchar(128) COLLATE utf8_unicode_ci NOT NULL,
  `privilege_truecard_th` varchar(128) COLLATE utf8_unicode_ci NOT NULL,
  `privilege_truecard_en` varchar(128) COLLATE utf8_unicode_ci NOT NULL,
  `pin_priceplan` int(11) NOT NULL,
  `js_hilight` text COLLATE utf8_unicode_ci NOT NULL,
  `js_marketing_message_th` text COLLATE utf8_unicode_ci NOT NULL,
  `js_marketing_message_en` text COLLATE utf8_unicode_ci NOT NULL,
  `js_tag_th` text COLLATE utf8_unicode_ci NOT NULL,
  `js_tag_en` text COLLATE utf8_unicode_ci NOT NULL,
  `term_condition_th` text COLLATE utf8_unicode_ci NOT NULL,
  `term_condition_en` text COLLATE utf8_unicode_ci NOT NULL,
  `deleted_at` datetime DEFAULT NULL,
  `created_at` timestamp NOT NULL DEFAULT '0000-00-00 00:00:00',
  `updated_at` timestamp NOT NULL DEFAULT '0000-00-00 00:00:00'
) ENGINE=InnoDB AUTO_INCREMENT=8 DEFAULT CHARSET=utf8 COLLATE=utf8_unicode_ci;

--
-- Dumping data for table `tmh_priceplan`
--

INSERT INTO `tmh_priceplan` (`id`, `fk_tmh_package_id`, `dn_tmh_package_name_th`, `dn_tmh_package_name_en`, `dn_tmh_package_type`, `dn_tmh_package_category_id`, `dn_tmh_package_catagory_type`, `dn_tmh_package_catagory_name_th`, `dn_tmh_package_catagory_name_en`, `dn_tmh_package_message_caption_th`, `dn_tmh_package_message_caption_en`, `dn_tmh_package_telecom_generation`, `dn_tmh_package_status`, `dn_tmh_publish_start_date`, `dn_tmh_publish_end_date`, `dn_tmh_package_js_allow_function`, `dn_tmh_package_sort`, `priceplan_charge_th`, `priceplan_charge_en`, `priceplan_charge_per_th`, `priceplan_charge_per_en`, `privilege_voice_th`, `privilege_voice_en`, `privilege_voice_oc_th`, `privilege_voice_oc_en`, `privilege_data_th`, `privilege_data_en`, `privilege_data_mesage_th`, `privilege_data_mesage_en`, `privilege_data_oc_th`, `privilege_data_oc_en`, `privilege_wifi_th`, `privilege_wifi_en`, `privilege_wifi_oc_th`, `privilege_wifi_oc_en`, `privilege_sms_th`, `privilege_sms_en`, `privilege_sms_oc_th`, `privilege_sms_oc_en`, `privilege_mms_th`, `privilege_mms_en`, `privilege_mms_oc_th`, `privilege_mms_oc_en`, `privilege_tv_anywhere_th`, `privilege_tv_anywhere_en`, `privilege_truecard_th`, `privilege_truecard_en`, `pin_priceplan`, `js_hilight`, `js_marketing_message_th`, `js_marketing_message_en`, `js_tag_th`, `js_tag_en`, `term_condition_th`, `term_condition_en`, `deleted_at`, `created_at`, `updated_at`) VALUES
(1, 8, '4G แพคเกต', '4G Package', 'post', 2, 'generic', 'บันทึกด้วย แพคเกจ พิเศษ ของเรา', 'Save With Our Special Packages', 'ความเร็ว ที่เร็วที่สุด ที่มี ข้อมูล เพิ่มเติม', 'Fastest Speed with More Data', '4G', 'active', '0000-00-00 00:00:00', NULL, '{"allow_mnp":"yes","allow_new_number":"yes"}', '1', '299', '299', 'ต่อเดือน', 'pre month', 'โทร|400 นาที', 'Talk|400 mins', '', '', '0 เมกกะไบร์', '0MB', '', '', '0.20 /mb', '0.20 /เมกกะบิต', 'ไม่จำกัด', 'Unlimited', '', '', '', '', '', '', '', '', '', '', 'Free Cable TV On The Go', 'Free Cable TV On The Go', 'ไม่มี', 'Not Offer', 1, '{"voice":"no","data":"yes"}', '{"charge":"\\u0e2d\\u0e31\\u0e19\\u0e14\\u0e31\\u0e1a 1 \\u0e40\\u0e23\\u0e34\\u0e48\\u0e21\\u0e15\\u0e49\\u0e19\\u0e17\\u0e35\\u0e48"}', '{"charge":"1st No. Starting at"}', '', '', '4G iSmart 499  1. รายการส่งเสริมการขายนี้สำหรับผู้สมัครใช้บริการเลขหมายใหม่โทรศัพท์เคลื่อนที่ ทรูมูฟ เอช ของบริษัท เรียล มูฟ จำกัด ("เรียลมูฟ") ในระบบรายเดือน ในนามบุคคลธรรมดา ตั้งแต่วันที่ 26 มีนาคม 2558 ถึง 30 มิถุนายน 2558 หรือจนกว่าจะมีการเปลี่ยนแปลง  2. รายละเอียดรายการส่งเสริมการขาย: อัตราค่าบริการยังไม่รวมภาษีมูลค่าเพิ่ม 2.1. รายการส่งเสริมการขาย 4G iSmart 499 สิทธิตามแพ็กเกจปกติ: คิดอัตราค่าใช้บริการเหมาจ่ายขั้นต่ำรายเดือน 499 บาท ต่อเดือน ผู้ใช้บริการจะได้รับสิทธิใช้บริการ ดังนี้  1. รับสิทธิโทรทุกเครือข่ายจำนวน 150 นาทีต่อเดือน นาทีที่ 151 เป็นต้นไป จะคิดอัตราค่าใช้บริการ เพิ่มเติมจากค่าใช้บริการเหมาจ่ายขั้นต่ำรายเดือนสำหรับการโทรทุกเครือข่ายตลอด 24 ชั่วโมง ในอัตรานาทีละ 1.25 บาท คิดตามจริงเป็นนาที เศษของนาทีคิดเป็นหนึ่งนาที  2. รับสิทธิชมรายการผ่าน ทรูวิชั่นส์ เอนิแวร์แอพพลิเคชั่นบนมือถือ เดือนละ 1 กิกะไบต์ (GB) โดยไม่เสียค่าบริการรับชมรายเดือน เป็นระยะเวลานาน 12 เดือน (รอบบิล) นับตั้งแต่ติดตั้ง ทรูวิชั่นส์ เอนิแวร์ แอพพลิเคชั่น บนมือถือ เสร็จสมบูรณ์ และตราบเท่าที่ลูกค้ายังปฏิบัติตามเงื่อนไข ในรายการส่งเสริมการขายนี้ อย่างถูกต้องและครบถ้วนี  3. รับสิทธิบริการ 4G ที่ความเร็วสูงสุด 100 เมกะบิตต่อวินาที (Mbps) และบริการ 3G/EDGE/GPRS ที่ความเร็วสูงสุด 42 เมกกะบิตต่อวินาที (Mbps) เป็นจำนวน 1.5 กิกะไบต์ (GB) หลังจากนั้น จะใช้ได้ไม่จำกัดปริมาณการใช้งานที่ความเร็วสูงสุดไม่เกิน 128 กิโลบิตต่อวินาที (Kbps) ทั้งนี้ขึ้นอยู่กับพื้นที่ให้บริการและอุปกรณ์ที่รองรับ สามารถตรวจสอบได้ที่ www.truemove-h.com/4G  4. รับสิทธิใช้บริการ Wi-Fi ที่ความเร็วสูงสุด 200 เมกกะไบต์ต่อวินาที (Mbps) ไม่จำกัดปริมาณการใช้งาน ผู้ใช้บริการสามารถตรวจสอบพื้นที่การให้บริการของ WiFi by TrueMove H ได้ที่ www.truewifi.net สิทธิพิเศษเพิ่มเติมจากสิทธิตามแพ็กเกจปกติในเดือน (รอบบิล) ที่ 1 ถึง เดือนที่ 6:  5. รับสิทธิใช้ บริการ 4G ที่ความเร็วสูงสุด 100 เมกะบิตต่อวินาที (Mbps) และบริการ 3G/EDGE/GPRS ที่ความเร็วสูงสุด 42 เมกกะบิตต่อวินาที (Mbps) ตามนโยบายการใช้งานรับส่งข้อมูลอย่างเหมาะสมของ เรียลมูฟ (Fair Usage Policy) ในปริมาณที่เพิ่มจากปริมาณปกติในแพ็กเกจอีก 1.5 กิกกะไบต์ (GB) เป็นจำนวน 3 กิกกะไบต์ (GB) เป็นระยะเวลา 6 เดือน (รอบบิล)  3. ค่าบริการส่วนเกินเหมาจ่าย คิดเพิ่มเติมจากค่าใช้บริการเหมาจ่ายขั้นต่ำรายเดือนในอัตรา ดังนี้ 3.1 โทรทุกเครือข่าย นาทีละ 1.25 บาท ตลอด 24 ชั่วโมง คิดตามจริงเป็นนาที เศษของนาทีคิดเป็นหนึ่งนาที 3.2 บริการส่งข้อความสั้น (SMS) ระหว่างโทรศัพท์เคลื่อนที่ที่ใช้และจดทะเบียนภายในประเทศ ข้อความละ 2 บาท 3.3 บริการส่งข้อความมัลติมีเดีย (MMS) ระหว่างโทรศัพท์เคลื่อนทีที่ใช้และจดทะเบียนภายในประเทศ ครั้งละ 5 บาท  4. อัตราค่าใช้บริการในข้อ 2 และข้อ 3 ทั้งหมดครอบคลุมเฉพาะค่าบริการโทรออกไปยังเลขหมายโทรศัพท์เคลื่อนที่หรือโทรศัพท์พื้นฐานที่ใช้และจดทะเบียนภายในประเทศ ค่าบริการ 3G/EDGE/GPRS และค่าบริการเสริมตามประเภทและอัตราตามที่ระบุไว้เท่านั้น ไม่รวมถึงค่าบริการอื่นๆ เช่น บริการดาวน์โหลดข้อมูลเนื้อหาต่างๆ, ค่าบริการข่าวสารข้อมูล, ค่าบริการโทรศัพท์ระหว่างประเทศ, ค่าโทรศัพท์ข้ามแดนและบริการเสริมอื่นๆ  5. อัตราค่าใช้บริการข้างต้นทั้งหมดยังไม่รวมภาษีมูลค่าเพิ่ม  6. เงื่อนไขการใช้บริการ Wi-Fi by TrueMove H 6.1 ผู้ใช้บริการสามารถใช้เลขหมายโทรศัพท์เคลื่อนที่ ทรูมูฟ เอช ของผู้ใช้บริการเป็นชื่อ username ตามด้วยโดเมนเนม@TrueMoveH (08xxxxxxxx@truemoveH) และทางระบบจะจัดส่ง password ให้ผู้ใช้บริการผ่านทาง SMS ในการเชื่อมต่ออินเทอร์เน็ต  6.2 ผู้ใช้บริการจะได้รับ username และ password ของ Wi-Fi by TrueMove H ของบริษัท ทรู อินเทอร์เน็ต จำกัด (“ทรู อินเทอร์เน็ต”) หลังจากที่ได้เริ่มใช้บริการ ภายใน 1 ชั่วโมงโดยอัตโนมัติ  6.3 หากผู้ใช้บริการลืม password ของ Wi-Fi by TrueMove H สามารถขอรับ password ใหม่ได้ โดยติดต่อ ทรูมูฟ เอช แคร์ 1331 หรือผ่านช่องทางที่เรียลมูฟ กำหนดให้  6.4 ในระหว่างการให้บริการ Wi-Fi by TrueMove H ทรู อินเทอร์เน็ต มีความจำเป็นต้องตัดระบบการเชื่อมต่ออินเทอร์เน็ต (Session time out) ทุก ๆ 90 นาที เพื่อตรวจสอบ และบันทึกปริมาณการใช้งาน หลังจากการตัดการใช้งานนี้แล้วหากต้องการใช้งานต่อ ผู้ใช้บริการจะต้องปิด และเปิดการเชื่อมต่อสัญญาณใหม่อีกครั้ง  6.5 ในกรณีที่ผู้ใช้บริการ Wi-Fi by TrueMove H ลืม Log Out หรือไม่ได้ใช้บริการติดต่อกันเกิน 10 นาที ระบบจะทำการ Log Out ให้โดยอัตโนมัติ  6.6 Concurrent ในการเชื่อมต่อสัญญาณ Wi-Fi จะมีผู้ใช้งานเพียง 1 คนต่อการใช้งานอินเทอร์เน็ต หรือ Wi-Fi ต่อครั้งเท่านั้น  7. สิทธิใด ๆ ตามที่ระบุไว้ในรายการส่งเสริมการขายนี้ไม่สามารถแลก คืน หรือเปลี่ยนเป็นเงินสดหรือของอื่นใดได้ รวมตลอดทั้งไม่สามารถโอนไปให้บุคคลหรือนิติบุคคลอื่นใดได้ด้วย  8. ผู้ใช้บริการจะไม่สามารถใช้บริการ โทรออกไปยังหมายเลขพิเศษ เช่น 1900 หรือส่งข้อความสั้น (SMS) ที่มีการคิดเงินในเชิงพาณิชย์ ใช้บริการเสริม BlackBerry ทั้งนี้ จนกว่าจะมีการแจ้งเปลี่ยนแปลง  9. หากผู้ใช้บริการกระทำการอันเป็นการอย่างใดอย่างหนึ่งดังต่อไปนี้ เรียลมูฟ ขอสงวนสิทธิในการยกเลิกการให้บริการตามสัญญาได้ทันที 9.1 กระทำการฝ่าฝืนข้อห้ามในสัญญา: หากผู้ใช้บริการกระทำผิดวัตถุประสงค์แห่งสัญญา ให้ถือเป็นการฝ่าฝืนข้อห้ามในสัญญา"วัตถุประสงค์แห่งสัญญา": ผู้ใช้บริการจะต้อง  (ก.) ใช้บริการตามรายการส่งเสริมการขายนี้เพื่อการสื่อสารเฉพาะตนโดยมีเจตนาสุจริตตามวิธีการใช้ บริการเยี่ยงปกติประเพณีของบุคคลธรรมดาทั่วไปที่จะพึงกระทำเท่านั้น มิใช่เพื่อประโยชน์ หรือสิ่งอื่นใดที่อาจถือเอาประโยชน์ได้ และจะไม่นำบริการไปใช้ในเชิงพาณิชย์หรือให้บริการต่อ  (ข.) ไม่ใช้ ไม่นำบริการมาใช้ ไม่ดัดแปลง หรือไม่กระทำการใดๆ ในเทคโนโลยีหรือระบบหรือสิ่งอื่นใดเพื่อเชื่อมต่อหรือเกี่ยวข้องกับการใช้บริการดังกล่าว รวมทั้งไม่กระทำการ อันมีลักษณะหรือคาดหมายได้หรือ เชื่อได้ว่าจะก่อให้เกิดการผิดศีลธรรมหรือเกิดความเสียหายหรือเกิดความไม่เป็นธรรมต่อเรียลมูฟ หรือบุคคลอื่นใด ทั้งในทางตรงและทางอ้อม หรือไม่ทำการรบกวน หรือก่อความไม่สะดวก หรือเป็นอันตรายต่อเครือข่าย หรือทำให้ประสิทธิภาพการปฏิบัติงานของเครือข่ายหรือส่วนใด ๆ ของเครือข่าย เกิดความขัดข้องไม่เป็นไปตามปกติ  9.2 กระทำการที่มีเหตุผลอันเชื่อได้ว่าผู้ใช้บริการทุจริตหรือมีการปลอมแปลงเอกสารในการสมัครใช้หรือรับข้อเสนอของบริการหรือมีพฤติกรรมฉ้อฉลในการใช้บริการหรือนำบริการไปใช้โดยผิดกฎหมาย  10. เรียลมูฟ ขอสงวนสิทธิที่จะแก้ไข เปลี่ยนแปลง ระงับ หรือยกเลิกได้โดยไม่ต้องแจ้งให้ทราบล่วงหน้า หากมีข้อกำหนด คำสั่ง หรือนโยบายของหน่วยงานของรัฐที่เกี่ยวข้องกำหนดให้มีการแก้ไข เปลี่ยนแปลง ระงับ หรือยกเลิกเงื่อนไขของบริการนี้หรือคำสั่งดังกล่าวเป็นการเพิ่มภาระในการดำเนินการของเรียลมูฟ  11. เว้นแต่จะได้ระบุไว้โดยชัดแจ้งเป็นอย่างอื่น เรียลมูฟขอสงวนสิทธิในการแก้ไขเปลี่ยนแปลง ระงับหรือยกเลิกข้อกำหนดนี้ได้ตามความเหมาะสมโดยจะแจ้งให้ทราบล่วงหน้าอย่างน้อย 30 วันผ่านช่องทางที่เรียลมูฟพิจารณาเห็นสมควร  12. รายการส่งเสริมการขายนี้มีระยะเวลา 12 เดือน นับตั้งแต่วันที่จดทะเบียนเปิดใช้บริการตามรายการส่งเสริมการขายนี้', '4G iSmart 499  1. รายการส่งเสริมการขายนี้สำหรับผู้สมัครใช้บริการเลขหมายใหม่โทรศัพท์เคลื่อนที่ ทรูมูฟ เอช ของบริษัท เรียล มูฟ จำกัด ("เรียลมูฟ") ในระบบรายเดือน ในนามบุคคลธรรมดา ตั้งแต่วันที่ 26 มีนาคม 2558 ถึง 30 มิถุนายน 2558 หรือจนกว่าจะมีการเปลี่ยนแปลง  2. รายละเอียดรายการส่งเสริมการขาย: อัตราค่าบริการยังไม่รวมภาษีมูลค่าเพิ่ม 2.1. รายการส่งเสริมการขาย 4G iSmart 499 สิทธิตามแพ็กเกจปกติ: คิดอัตราค่าใช้บริการเหมาจ่ายขั้นต่ำรายเดือน 499 บาท ต่อเดือน ผู้ใช้บริการจะได้รับสิทธิใช้บริการ ดังนี้  1. รับสิทธิโทรทุกเครือข่ายจำนวน 150 นาทีต่อเดือน นาทีที่ 151 เป็นต้นไป จะคิดอัตราค่าใช้บริการ เพิ่มเติมจากค่าใช้บริการเหมาจ่ายขั้นต่ำรายเดือนสำหรับการโทรทุกเครือข่ายตลอด 24 ชั่วโมง ในอัตรานาทีละ 1.25 บาท คิดตามจริงเป็นนาที เศษของนาทีคิดเป็นหนึ่งนาที  2. รับสิทธิชมรายการผ่าน ทรูวิชั่นส์ เอนิแวร์แอพพลิเคชั่นบนมือถือ เดือนละ 1 กิกะไบต์ (GB) โดยไม่เสียค่าบริการรับชมรายเดือน เป็นระยะเวลานาน 12 เดือน (รอบบิล) นับตั้งแต่ติดตั้ง ทรูวิชั่นส์ เอนิแวร์ แอพพลิเคชั่น บนมือถือ เสร็จสมบูรณ์ และตราบเท่าที่ลูกค้ายังปฏิบัติตามเงื่อนไข ในรายการส่งเสริมการขายนี้ อย่างถูกต้องและครบถ้วนี  3. รับสิทธิบริการ 4G ที่ความเร็วสูงสุด 100 เมกะบิตต่อวินาที (Mbps) และบริการ 3G/EDGE/GPRS ที่ความเร็วสูงสุด 42 เมกกะบิตต่อวินาที (Mbps) เป็นจำนวน 1.5 กิกะไบต์ (GB) หลังจากนั้น จะใช้ได้ไม่จำกัดปริมาณการใช้งานที่ความเร็วสูงสุดไม่เกิน 128 กิโลบิตต่อวินาที (Kbps) ทั้งนี้ขึ้นอยู่กับพื้นที่ให้บริการและอุปกรณ์ที่รองรับ สามารถตรวจสอบได้ที่ www.truemove-h.com/4G  4. รับสิทธิใช้บริการ Wi-Fi ที่ความเร็วสูงสุด 200 เมกกะไบต์ต่อวินาที (Mbps) ไม่จำกัดปริมาณการใช้งาน ผู้ใช้บริการสามารถตรวจสอบพื้นที่การให้บริการของ WiFi by TrueMove H ได้ที่ www.truewifi.net สิทธิพิเศษเพิ่มเติมจากสิทธิตามแพ็กเกจปกติในเดือน (รอบบิล) ที่ 1 ถึง เดือนที่ 6:  5. รับสิทธิใช้ บริการ 4G ที่ความเร็วสูงสุด 100 เมกะบิตต่อวินาที (Mbps) และบริการ 3G/EDGE/GPRS ที่ความเร็วสูงสุด 42 เมกกะบิตต่อวินาที (Mbps) ตามนโยบายการใช้งานรับส่งข้อมูลอย่างเหมาะสมของ เรียลมูฟ (Fair Usage Policy) ในปริมาณที่เพิ่มจากปริมาณปกติในแพ็กเกจอีก 1.5 กิกกะไบต์ (GB) เป็นจำนวน 3 กิกกะไบต์ (GB) เป็นระยะเวลา 6 เดือน (รอบบิล)  3. ค่าบริการส่วนเกินเหมาจ่าย คิดเพิ่มเติมจากค่าใช้บริการเหมาจ่ายขั้นต่ำรายเดือนในอัตรา ดังนี้ 3.1 โทรทุกเครือข่าย นาทีละ 1.25 บาท ตลอด 24 ชั่วโมง คิดตามจริงเป็นนาที เศษของนาทีคิดเป็นหนึ่งนาที 3.2 บริการส่งข้อความสั้น (SMS) ระหว่างโทรศัพท์เคลื่อนที่ที่ใช้และจดทะเบียนภายในประเทศ ข้อความละ 2 บาท 3.3 บริการส่งข้อความมัลติมีเดีย (MMS) ระหว่างโทรศัพท์เคลื่อนทีที่ใช้และจดทะเบียนภายในประเทศ ครั้งละ 5 บาท  4. อัตราค่าใช้บริการในข้อ 2 และข้อ 3 ทั้งหมดครอบคลุมเฉพาะค่าบริการโทรออกไปยังเลขหมายโทรศัพท์เคลื่อนที่หรือโทรศัพท์พื้นฐานที่ใช้และจดทะเบียนภายในประเทศ ค่าบริการ 3G/EDGE/GPRS และค่าบริการเสริมตามประเภทและอัตราตามที่ระบุไว้เท่านั้น ไม่รวมถึงค่าบริการอื่นๆ เช่น บริการดาวน์โหลดข้อมูลเนื้อหาต่างๆ, ค่าบริการข่าวสารข้อมูล, ค่าบริการโทรศัพท์ระหว่างประเทศ, ค่าโทรศัพท์ข้ามแดนและบริการเสริมอื่นๆ  5. อัตราค่าใช้บริการข้างต้นทั้งหมดยังไม่รวมภาษีมูลค่าเพิ่ม  6. เงื่อนไขการใช้บริการ Wi-Fi by TrueMove H 6.1 ผู้ใช้บริการสามารถใช้เลขหมายโทรศัพท์เคลื่อนที่ ทรูมูฟ เอช ของผู้ใช้บริการเป็นชื่อ username ตามด้วยโดเมนเนม@TrueMoveH (08xxxxxxxx@truemoveH) และทางระบบจะจัดส่ง password ให้ผู้ใช้บริการผ่านทาง SMS ในการเชื่อมต่ออินเทอร์เน็ต  6.2 ผู้ใช้บริการจะได้รับ username และ password ของ Wi-Fi by TrueMove H ของบริษัท ทรู อินเทอร์เน็ต จำกัด (“ทรู อินเทอร์เน็ต”) หลังจากที่ได้เริ่มใช้บริการ ภายใน 1 ชั่วโมงโดยอัตโนมัติ  6.3 หากผู้ใช้บริการลืม password ของ Wi-Fi by TrueMove H สามารถขอรับ password ใหม่ได้ โดยติดต่อ ทรูมูฟ เอช แคร์ 1331 หรือผ่านช่องทางที่เรียลมูฟ กำหนดให้  6.4 ในระหว่างการให้บริการ Wi-Fi by TrueMove H ทรู อินเทอร์เน็ต มีความจำเป็นต้องตัดระบบการเชื่อมต่ออินเทอร์เน็ต (Session time out) ทุก ๆ 90 นาที เพื่อตรวจสอบ และบันทึกปริมาณการใช้งาน หลังจากการตัดการใช้งานนี้แล้วหากต้องการใช้งานต่อ ผู้ใช้บริการจะต้องปิด และเปิดการเชื่อมต่อสัญญาณใหม่อีกครั้ง  6.5 ในกรณีที่ผู้ใช้บริการ Wi-Fi by TrueMove H ลืม Log Out หรือไม่ได้ใช้บริการติดต่อกันเกิน 10 นาที ระบบจะทำการ Log Out ให้โดยอัตโนมัติ  6.6 Concurrent ในการเชื่อมต่อสัญญาณ Wi-Fi จะมีผู้ใช้งานเพียง 1 คนต่อการใช้งานอินเทอร์เน็ต หรือ Wi-Fi ต่อครั้งเท่านั้น  7. สิทธิใด ๆ ตามที่ระบุไว้ในรายการส่งเสริมการขายนี้ไม่สามารถแลก คืน หรือเปลี่ยนเป็นเงินสดหรือของอื่นใดได้ รวมตลอดทั้งไม่สามารถโอนไปให้บุคคลหรือนิติบุคคลอื่นใดได้ด้วย  8. ผู้ใช้บริการจะไม่สามารถใช้บริการ โทรออกไปยังหมายเลขพิเศษ เช่น 1900 หรือส่งข้อความสั้น (SMS) ที่มีการคิดเงินในเชิงพาณิชย์ ใช้บริการเสริม BlackBerry ทั้งนี้ จนกว่าจะมีการแจ้งเปลี่ยนแปลง  9. หากผู้ใช้บริการกระทำการอันเป็นการอย่างใดอย่างหนึ่งดังต่อไปนี้ เรียลมูฟ ขอสงวนสิทธิในการยกเลิกการให้บริการตามสัญญาได้ทันที 9.1 กระทำการฝ่าฝืนข้อห้ามในสัญญา: หากผู้ใช้บริการกระทำผิดวัตถุประสงค์แห่งสัญญา ให้ถือเป็นการฝ่าฝืนข้อห้ามในสัญญา"วัตถุประสงค์แห่งสัญญา": ผู้ใช้บริการจะต้อง  (ก.) ใช้บริการตามรายการส่งเสริมการขายนี้เพื่อการสื่อสารเฉพาะตนโดยมีเจตนาสุจริตตามวิธีการใช้ บริการเยี่ยงปกติประเพณีของบุคคลธรรมดาทั่วไปที่จะพึงกระทำเท่านั้น มิใช่เพื่อประโยชน์ หรือสิ่งอื่นใดที่อาจถือเอาประโยชน์ได้ และจะไม่นำบริการไปใช้ในเชิงพาณิชย์หรือให้บริการต่อ  (ข.) ไม่ใช้ ไม่นำบริการมาใช้ ไม่ดัดแปลง หรือไม่กระทำการใดๆ ในเทคโนโลยีหรือระบบหรือสิ่งอื่นใดเพื่อเชื่อมต่อหรือเกี่ยวข้องกับการใช้บริการดังกล่าว รวมทั้งไม่กระทำการ อันมีลักษณะหรือคาดหมายได้หรือ เชื่อได้ว่าจะก่อให้เกิดการผิดศีลธรรมหรือเกิดความเสียหายหรือเกิดความไม่เป็นธรรมต่อเรียลมูฟ หรือบุคคลอื่นใด ทั้งในทางตรงและทางอ้อม หรือไม่ทำการรบกวน หรือก่อความไม่สะดวก หรือเป็นอันตรายต่อเครือข่าย หรือทำให้ประสิทธิภาพการปฏิบัติงานของเครือข่ายหรือส่วนใด ๆ ของเครือข่าย เกิดความขัดข้องไม่เป็นไปตามปกติ  9.2 กระทำการที่มีเหตุผลอันเชื่อได้ว่าผู้ใช้บริการทุจริตหรือมีการปลอมแปลงเอกสารในการสมัครใช้หรือรับข้อเสนอของบริการหรือมีพฤติกรรมฉ้อฉลในการใช้บริการหรือนำบริการไปใช้โดยผิดกฎหมาย  10. เรียลมูฟ ขอสงวนสิทธิที่จะแก้ไข เปลี่ยนแปลง ระงับ หรือยกเลิกได้โดยไม่ต้องแจ้งให้ทราบล่วงหน้า หากมีข้อกำหนด คำสั่ง หรือนโยบายของหน่วยงานของรัฐที่เกี่ยวข้องกำหนดให้มีการแก้ไข เปลี่ยนแปลง ระงับ หรือยกเลิกเงื่อนไขของบริการนี้หรือคำสั่งดังกล่าวเป็นการเพิ่มภาระในการดำเนินการของเรียลมูฟ  11. เว้นแต่จะได้ระบุไว้โดยชัดแจ้งเป็นอย่างอื่น เรียลมูฟขอสงวนสิทธิในการแก้ไขเปลี่ยนแปลง ระงับหรือยกเลิกข้อกำหนดนี้ได้ตามความเหมาะสมโดยจะแจ้งให้ทราบล่วงหน้าอย่างน้อย 30 วันผ่านช่องทางที่เรียลมูฟพิจารณาเห็นสมควร  12. รายการส่งเสริมการขายนี้มีระยะเวลา 12 เดือน นับตั้งแต่วันที่จดทะเบียนเปิดใช้บริการตามรายการส่งเสริมการขายนี้', NULL, '2015-06-04 03:43:33', '2015-06-04 03:43:33'),
(2, 5, '4G แพคเกต', '4G Package', 'post', 1, 'generic', 'ส่วนใหญ่ บริการขั้นสูง', 'Most Advanced Services', 'ความเร็ว ที่เร็วที่สุด ที่มี ข้อมูล เพิ่มเติม', 'Fastest Speed with More Data', '4G', 'active', '0000-00-00 00:00:00', NULL, '{"allow_mnp":"yes","allow_new_number":"yes"}', '1', '499', '499', 'ต่อเดือน', 'pre month', 'โทร|400 นาที', 'Talk|400 mins', '', '', '0 เมกกะไบร์', '0MB', '', '', '0.20 /mb', '0.20 /เมกกะบิต', 'ไม่จำกัด', 'Unlimited', '', '', '', '', '', '', '', '', '', '', 'Free Cable TV On The Go', 'Free Cable TV On The Go', 'ไม่มี', 'Not Offer', 1, '{"voice":"no","data":"yes"}', '{"charge":"\\u0e2d\\u0e31\\u0e19\\u0e14\\u0e31\\u0e1a 1 \\u0e40\\u0e23\\u0e34\\u0e48\\u0e21\\u0e15\\u0e49\\u0e19\\u0e17\\u0e35\\u0e48"}', '{"charge":"1st No. Starting at"}', '', '', '4G iSmart 499  1. รายการส่งเสริมการขายนี้สำหรับผู้สมัครใช้บริการเลขหมายใหม่โทรศัพท์เคลื่อนที่ ทรูมูฟ เอช ของบริษัท เรียล มูฟ จำกัด ("เรียลมูฟ") ในระบบรายเดือน ในนามบุคคลธรรมดา ตั้งแต่วันที่ 26 มีนาคม 2558 ถึง 30 มิถุนายน 2558 หรือจนกว่าจะมีการเปลี่ยนแปลง  2. รายละเอียดรายการส่งเสริมการขาย: อัตราค่าบริการยังไม่รวมภาษีมูลค่าเพิ่ม 2.1. รายการส่งเสริมการขาย 4G iSmart 499 สิทธิตามแพ็กเกจปกติ: คิดอัตราค่าใช้บริการเหมาจ่ายขั้นต่ำรายเดือน 499 บาท ต่อเดือน ผู้ใช้บริการจะได้รับสิทธิใช้บริการ ดังนี้  1. รับสิทธิโทรทุกเครือข่ายจำนวน 150 นาทีต่อเดือน นาทีที่ 151 เป็นต้นไป จะคิดอัตราค่าใช้บริการ เพิ่มเติมจากค่าใช้บริการเหมาจ่ายขั้นต่ำรายเดือนสำหรับการโทรทุกเครือข่ายตลอด 24 ชั่วโมง ในอัตรานาทีละ 1.25 บาท คิดตามจริงเป็นนาที เศษของนาทีคิดเป็นหนึ่งนาที  2. รับสิทธิชมรายการผ่าน ทรูวิชั่นส์ เอนิแวร์แอพพลิเคชั่นบนมือถือ เดือนละ 1 กิกะไบต์ (GB) โดยไม่เสียค่าบริการรับชมรายเดือน เป็นระยะเวลานาน 12 เดือน (รอบบิล) นับตั้งแต่ติดตั้ง ทรูวิชั่นส์ เอนิแวร์ แอพพลิเคชั่น บนมือถือ เสร็จสมบูรณ์ และตราบเท่าที่ลูกค้ายังปฏิบัติตามเงื่อนไข ในรายการส่งเสริมการขายนี้ อย่างถูกต้องและครบถ้วนี  3. รับสิทธิบริการ 4G ที่ความเร็วสูงสุด 100 เมกะบิตต่อวินาที (Mbps) และบริการ 3G/EDGE/GPRS ที่ความเร็วสูงสุด 42 เมกกะบิตต่อวินาที (Mbps) เป็นจำนวน 1.5 กิกะไบต์ (GB) หลังจากนั้น จะใช้ได้ไม่จำกัดปริมาณการใช้งานที่ความเร็วสูงสุดไม่เกิน 128 กิโลบิตต่อวินาที (Kbps) ทั้งนี้ขึ้นอยู่กับพื้นที่ให้บริการและอุปกรณ์ที่รองรับ สามารถตรวจสอบได้ที่ www.truemove-h.com/4G  4. รับสิทธิใช้บริการ Wi-Fi ที่ความเร็วสูงสุด 200 เมกกะไบต์ต่อวินาที (Mbps) ไม่จำกัดปริมาณการใช้งาน ผู้ใช้บริการสามารถตรวจสอบพื้นที่การให้บริการของ WiFi by TrueMove H ได้ที่ www.truewifi.net สิทธิพิเศษเพิ่มเติมจากสิทธิตามแพ็กเกจปกติในเดือน (รอบบิล) ที่ 1 ถึง เดือนที่ 6:  5. รับสิทธิใช้ บริการ 4G ที่ความเร็วสูงสุด 100 เมกะบิตต่อวินาที (Mbps) และบริการ 3G/EDGE/GPRS ที่ความเร็วสูงสุด 42 เมกกะบิตต่อวินาที (Mbps) ตามนโยบายการใช้งานรับส่งข้อมูลอย่างเหมาะสมของ เรียลมูฟ (Fair Usage Policy) ในปริมาณที่เพิ่มจากปริมาณปกติในแพ็กเกจอีก 1.5 กิกกะไบต์ (GB) เป็นจำนวน 3 กิกกะไบต์ (GB) เป็นระยะเวลา 6 เดือน (รอบบิล)  3. ค่าบริการส่วนเกินเหมาจ่าย คิดเพิ่มเติมจากค่าใช้บริการเหมาจ่ายขั้นต่ำรายเดือนในอัตรา ดังนี้ 3.1 โทรทุกเครือข่าย นาทีละ 1.25 บาท ตลอด 24 ชั่วโมง คิดตามจริงเป็นนาที เศษของนาทีคิดเป็นหนึ่งนาที 3.2 บริการส่งข้อความสั้น (SMS) ระหว่างโทรศัพท์เคลื่อนที่ที่ใช้และจดทะเบียนภายในประเทศ ข้อความละ 2 บาท 3.3 บริการส่งข้อความมัลติมีเดีย (MMS) ระหว่างโทรศัพท์เคลื่อนทีที่ใช้และจดทะเบียนภายในประเทศ ครั้งละ 5 บาท  4. อัตราค่าใช้บริการในข้อ 2 และข้อ 3 ทั้งหมดครอบคลุมเฉพาะค่าบริการโทรออกไปยังเลขหมายโทรศัพท์เคลื่อนที่หรือโทรศัพท์พื้นฐานที่ใช้และจดทะเบียนภายในประเทศ ค่าบริการ 3G/EDGE/GPRS และค่าบริการเสริมตามประเภทและอัตราตามที่ระบุไว้เท่านั้น ไม่รวมถึงค่าบริการอื่นๆ เช่น บริการดาวน์โหลดข้อมูลเนื้อหาต่างๆ, ค่าบริการข่าวสารข้อมูล, ค่าบริการโทรศัพท์ระหว่างประเทศ, ค่าโทรศัพท์ข้ามแดนและบริการเสริมอื่นๆ  5. อัตราค่าใช้บริการข้างต้นทั้งหมดยังไม่รวมภาษีมูลค่าเพิ่ม  6. เงื่อนไขการใช้บริการ Wi-Fi by TrueMove H 6.1 ผู้ใช้บริการสามารถใช้เลขหมายโทรศัพท์เคลื่อนที่ ทรูมูฟ เอช ของผู้ใช้บริการเป็นชื่อ username ตามด้วยโดเมนเนม@TrueMoveH (08xxxxxxxx@truemoveH) และทางระบบจะจัดส่ง password ให้ผู้ใช้บริการผ่านทาง SMS ในการเชื่อมต่ออินเทอร์เน็ต  6.2 ผู้ใช้บริการจะได้รับ username และ password ของ Wi-Fi by TrueMove H ของบริษัท ทรู อินเทอร์เน็ต จำกัด (“ทรู อินเทอร์เน็ต”) หลังจากที่ได้เริ่มใช้บริการ ภายใน 1 ชั่วโมงโดยอัตโนมัติ  6.3 หากผู้ใช้บริการลืม password ของ Wi-Fi by TrueMove H สามารถขอรับ password ใหม่ได้ โดยติดต่อ ทรูมูฟ เอช แคร์ 1331 หรือผ่านช่องทางที่เรียลมูฟ กำหนดให้  6.4 ในระหว่างการให้บริการ Wi-Fi by TrueMove H ทรู อินเทอร์เน็ต มีความจำเป็นต้องตัดระบบการเชื่อมต่ออินเทอร์เน็ต (Session time out) ทุก ๆ 90 นาที เพื่อตรวจสอบ และบันทึกปริมาณการใช้งาน หลังจากการตัดการใช้งานนี้แล้วหากต้องการใช้งานต่อ ผู้ใช้บริการจะต้องปิด และเปิดการเชื่อมต่อสัญญาณใหม่อีกครั้ง  6.5 ในกรณีที่ผู้ใช้บริการ Wi-Fi by TrueMove H ลืม Log Out หรือไม่ได้ใช้บริการติดต่อกันเกิน 10 นาที ระบบจะทำการ Log Out ให้โดยอัตโนมัติ  6.6 Concurrent ในการเชื่อมต่อสัญญาณ Wi-Fi จะมีผู้ใช้งานเพียง 1 คนต่อการใช้งานอินเทอร์เน็ต หรือ Wi-Fi ต่อครั้งเท่านั้น  7. สิทธิใด ๆ ตามที่ระบุไว้ในรายการส่งเสริมการขายนี้ไม่สามารถแลก คืน หรือเปลี่ยนเป็นเงินสดหรือของอื่นใดได้ รวมตลอดทั้งไม่สามารถโอนไปให้บุคคลหรือนิติบุคคลอื่นใดได้ด้วย  8. ผู้ใช้บริการจะไม่สามารถใช้บริการ โทรออกไปยังหมายเลขพิเศษ เช่น 1900 หรือส่งข้อความสั้น (SMS) ที่มีการคิดเงินในเชิงพาณิชย์ ใช้บริการเสริม BlackBerry ทั้งนี้ จนกว่าจะมีการแจ้งเปลี่ยนแปลง  9. หากผู้ใช้บริการกระทำการอันเป็นการอย่างใดอย่างหนึ่งดังต่อไปนี้ เรียลมูฟ ขอสงวนสิทธิในการยกเลิกการให้บริการตามสัญญาได้ทันที 9.1 กระทำการฝ่าฝืนข้อห้ามในสัญญา: หากผู้ใช้บริการกระทำผิดวัตถุประสงค์แห่งสัญญา ให้ถือเป็นการฝ่าฝืนข้อห้ามในสัญญา"วัตถุประสงค์แห่งสัญญา": ผู้ใช้บริการจะต้อง  (ก.) ใช้บริการตามรายการส่งเสริมการขายนี้เพื่อการสื่อสารเฉพาะตนโดยมีเจตนาสุจริตตามวิธีการใช้ บริการเยี่ยงปกติประเพณีของบุคคลธรรมดาทั่วไปที่จะพึงกระทำเท่านั้น มิใช่เพื่อประโยชน์ หรือสิ่งอื่นใดที่อาจถือเอาประโยชน์ได้ และจะไม่นำบริการไปใช้ในเชิงพาณิชย์หรือให้บริการต่อ  (ข.) ไม่ใช้ ไม่นำบริการมาใช้ ไม่ดัดแปลง หรือไม่กระทำการใดๆ ในเทคโนโลยีหรือระบบหรือสิ่งอื่นใดเพื่อเชื่อมต่อหรือเกี่ยวข้องกับการใช้บริการดังกล่าว รวมทั้งไม่กระทำการ อันมีลักษณะหรือคาดหมายได้หรือ เชื่อได้ว่าจะก่อให้เกิดการผิดศีลธรรมหรือเกิดความเสียหายหรือเกิดความไม่เป็นธรรมต่อเรียลมูฟ หรือบุคคลอื่นใด ทั้งในทางตรงและทางอ้อม หรือไม่ทำการรบกวน หรือก่อความไม่สะดวก หรือเป็นอันตรายต่อเครือข่าย หรือทำให้ประสิทธิภาพการปฏิบัติงานของเครือข่ายหรือส่วนใด ๆ ของเครือข่าย เกิดความขัดข้องไม่เป็นไปตามปกติ  9.2 กระทำการที่มีเหตุผลอันเชื่อได้ว่าผู้ใช้บริการทุจริตหรือมีการปลอมแปลงเอกสารในการสมัครใช้หรือรับข้อเสนอของบริการหรือมีพฤติกรรมฉ้อฉลในการใช้บริการหรือนำบริการไปใช้โดยผิดกฎหมาย  10. เรียลมูฟ ขอสงวนสิทธิที่จะแก้ไข เปลี่ยนแปลง ระงับ หรือยกเลิกได้โดยไม่ต้องแจ้งให้ทราบล่วงหน้า หากมีข้อกำหนด คำสั่ง หรือนโยบายของหน่วยงานของรัฐที่เกี่ยวข้องกำหนดให้มีการแก้ไข เปลี่ยนแปลง ระงับ หรือยกเลิกเงื่อนไขของบริการนี้หรือคำสั่งดังกล่าวเป็นการเพิ่มภาระในการดำเนินการของเรียลมูฟ  11. เว้นแต่จะได้ระบุไว้โดยชัดแจ้งเป็นอย่างอื่น เรียลมูฟขอสงวนสิทธิในการแก้ไขเปลี่ยนแปลง ระงับหรือยกเลิกข้อกำหนดนี้ได้ตามความเหมาะสมโดยจะแจ้งให้ทราบล่วงหน้าอย่างน้อย 30 วันผ่านช่องทางที่เรียลมูฟพิจารณาเห็นสมควร  12. รายการส่งเสริมการขายนี้มีระยะเวลา 12 เดือน นับตั้งแต่วันที่จดทะเบียนเปิดใช้บริการตามรายการส่งเสริมการขายนี้', '4G iSmart 499  1. รายการส่งเสริมการขายนี้สำหรับผู้สมัครใช้บริการเลขหมายใหม่โทรศัพท์เคลื่อนที่ ทรูมูฟ เอช ของบริษัท เรียล มูฟ จำกัด ("เรียลมูฟ") ในระบบรายเดือน ในนามบุคคลธรรมดา ตั้งแต่วันที่ 26 มีนาคม 2558 ถึง 30 มิถุนายน 2558 หรือจนกว่าจะมีการเปลี่ยนแปลง  2. รายละเอียดรายการส่งเสริมการขาย: อัตราค่าบริการยังไม่รวมภาษีมูลค่าเพิ่ม 2.1. รายการส่งเสริมการขาย 4G iSmart 499 สิทธิตามแพ็กเกจปกติ: คิดอัตราค่าใช้บริการเหมาจ่ายขั้นต่ำรายเดือน 499 บาท ต่อเดือน ผู้ใช้บริการจะได้รับสิทธิใช้บริการ ดังนี้  1. รับสิทธิโทรทุกเครือข่ายจำนวน 150 นาทีต่อเดือน นาทีที่ 151 เป็นต้นไป จะคิดอัตราค่าใช้บริการ เพิ่มเติมจากค่าใช้บริการเหมาจ่ายขั้นต่ำรายเดือนสำหรับการโทรทุกเครือข่ายตลอด 24 ชั่วโมง ในอัตรานาทีละ 1.25 บาท คิดตามจริงเป็นนาที เศษของนาทีคิดเป็นหนึ่งนาที  2. รับสิทธิชมรายการผ่าน ทรูวิชั่นส์ เอนิแวร์แอพพลิเคชั่นบนมือถือ เดือนละ 1 กิกะไบต์ (GB) โดยไม่เสียค่าบริการรับชมรายเดือน เป็นระยะเวลานาน 12 เดือน (รอบบิล) นับตั้งแต่ติดตั้ง ทรูวิชั่นส์ เอนิแวร์ แอพพลิเคชั่น บนมือถือ เสร็จสมบูรณ์ และตราบเท่าที่ลูกค้ายังปฏิบัติตามเงื่อนไข ในรายการส่งเสริมการขายนี้ อย่างถูกต้องและครบถ้วนี  3. รับสิทธิบริการ 4G ที่ความเร็วสูงสุด 100 เมกะบิตต่อวินาที (Mbps) และบริการ 3G/EDGE/GPRS ที่ความเร็วสูงสุด 42 เมกกะบิตต่อวินาที (Mbps) เป็นจำนวน 1.5 กิกะไบต์ (GB) หลังจากนั้น จะใช้ได้ไม่จำกัดปริมาณการใช้งานที่ความเร็วสูงสุดไม่เกิน 128 กิโลบิตต่อวินาที (Kbps) ทั้งนี้ขึ้นอยู่กับพื้นที่ให้บริการและอุปกรณ์ที่รองรับ สามารถตรวจสอบได้ที่ www.truemove-h.com/4G  4. รับสิทธิใช้บริการ Wi-Fi ที่ความเร็วสูงสุด 200 เมกกะไบต์ต่อวินาที (Mbps) ไม่จำกัดปริมาณการใช้งาน ผู้ใช้บริการสามารถตรวจสอบพื้นที่การให้บริการของ WiFi by TrueMove H ได้ที่ www.truewifi.net สิทธิพิเศษเพิ่มเติมจากสิทธิตามแพ็กเกจปกติในเดือน (รอบบิล) ที่ 1 ถึง เดือนที่ 6:  5. รับสิทธิใช้ บริการ 4G ที่ความเร็วสูงสุด 100 เมกะบิตต่อวินาที (Mbps) และบริการ 3G/EDGE/GPRS ที่ความเร็วสูงสุด 42 เมกกะบิตต่อวินาที (Mbps) ตามนโยบายการใช้งานรับส่งข้อมูลอย่างเหมาะสมของ เรียลมูฟ (Fair Usage Policy) ในปริมาณที่เพิ่มจากปริมาณปกติในแพ็กเกจอีก 1.5 กิกกะไบต์ (GB) เป็นจำนวน 3 กิกกะไบต์ (GB) เป็นระยะเวลา 6 เดือน (รอบบิล)  3. ค่าบริการส่วนเกินเหมาจ่าย คิดเพิ่มเติมจากค่าใช้บริการเหมาจ่ายขั้นต่ำรายเดือนในอัตรา ดังนี้ 3.1 โทรทุกเครือข่าย นาทีละ 1.25 บาท ตลอด 24 ชั่วโมง คิดตามจริงเป็นนาที เศษของนาทีคิดเป็นหนึ่งนาที 3.2 บริการส่งข้อความสั้น (SMS) ระหว่างโทรศัพท์เคลื่อนที่ที่ใช้และจดทะเบียนภายในประเทศ ข้อความละ 2 บาท 3.3 บริการส่งข้อความมัลติมีเดีย (MMS) ระหว่างโทรศัพท์เคลื่อนทีที่ใช้และจดทะเบียนภายในประเทศ ครั้งละ 5 บาท  4. อัตราค่าใช้บริการในข้อ 2 และข้อ 3 ทั้งหมดครอบคลุมเฉพาะค่าบริการโทรออกไปยังเลขหมายโทรศัพท์เคลื่อนที่หรือโทรศัพท์พื้นฐานที่ใช้และจดทะเบียนภายในประเทศ ค่าบริการ 3G/EDGE/GPRS และค่าบริการเสริมตามประเภทและอัตราตามที่ระบุไว้เท่านั้น ไม่รวมถึงค่าบริการอื่นๆ เช่น บริการดาวน์โหลดข้อมูลเนื้อหาต่างๆ, ค่าบริการข่าวสารข้อมูล, ค่าบริการโทรศัพท์ระหว่างประเทศ, ค่าโทรศัพท์ข้ามแดนและบริการเสริมอื่นๆ  5. อัตราค่าใช้บริการข้างต้นทั้งหมดยังไม่รวมภาษีมูลค่าเพิ่ม  6. เงื่อนไขการใช้บริการ Wi-Fi by TrueMove H 6.1 ผู้ใช้บริการสามารถใช้เลขหมายโทรศัพท์เคลื่อนที่ ทรูมูฟ เอช ของผู้ใช้บริการเป็นชื่อ username ตามด้วยโดเมนเนม@TrueMoveH (08xxxxxxxx@truemoveH) และทางระบบจะจัดส่ง password ให้ผู้ใช้บริการผ่านทาง SMS ในการเชื่อมต่ออินเทอร์เน็ต  6.2 ผู้ใช้บริการจะได้รับ username และ password ของ Wi-Fi by TrueMove H ของบริษัท ทรู อินเทอร์เน็ต จำกัด (“ทรู อินเทอร์เน็ต”) หลังจากที่ได้เริ่มใช้บริการ ภายใน 1 ชั่วโมงโดยอัตโนมัติ  6.3 หากผู้ใช้บริการลืม password ของ Wi-Fi by TrueMove H สามารถขอรับ password ใหม่ได้ โดยติดต่อ ทรูมูฟ เอช แคร์ 1331 หรือผ่านช่องทางที่เรียลมูฟ กำหนดให้  6.4 ในระหว่างการให้บริการ Wi-Fi by TrueMove H ทรู อินเทอร์เน็ต มีความจำเป็นต้องตัดระบบการเชื่อมต่ออินเทอร์เน็ต (Session time out) ทุก ๆ 90 นาที เพื่อตรวจสอบ และบันทึกปริมาณการใช้งาน หลังจากการตัดการใช้งานนี้แล้วหากต้องการใช้งานต่อ ผู้ใช้บริการจะต้องปิด และเปิดการเชื่อมต่อสัญญาณใหม่อีกครั้ง  6.5 ในกรณีที่ผู้ใช้บริการ Wi-Fi by TrueMove H ลืม Log Out หรือไม่ได้ใช้บริการติดต่อกันเกิน 10 นาที ระบบจะทำการ Log Out ให้โดยอัตโนมัติ  6.6 Concurrent ในการเชื่อมต่อสัญญาณ Wi-Fi จะมีผู้ใช้งานเพียง 1 คนต่อการใช้งานอินเทอร์เน็ต หรือ Wi-Fi ต่อครั้งเท่านั้น  7. สิทธิใด ๆ ตามที่ระบุไว้ในรายการส่งเสริมการขายนี้ไม่สามารถแลก คืน หรือเปลี่ยนเป็นเงินสดหรือของอื่นใดได้ รวมตลอดทั้งไม่สามารถโอนไปให้บุคคลหรือนิติบุคคลอื่นใดได้ด้วย  8. ผู้ใช้บริการจะไม่สามารถใช้บริการ โทรออกไปยังหมายเลขพิเศษ เช่น 1900 หรือส่งข้อความสั้น (SMS) ที่มีการคิดเงินในเชิงพาณิชย์ ใช้บริการเสริม BlackBerry ทั้งนี้ จนกว่าจะมีการแจ้งเปลี่ยนแปลง  9. หากผู้ใช้บริการกระทำการอันเป็นการอย่างใดอย่างหนึ่งดังต่อไปนี้ เรียลมูฟ ขอสงวนสิทธิในการยกเลิกการให้บริการตามสัญญาได้ทันที 9.1 กระทำการฝ่าฝืนข้อห้ามในสัญญา: หากผู้ใช้บริการกระทำผิดวัตถุประสงค์แห่งสัญญา ให้ถือเป็นการฝ่าฝืนข้อห้ามในสัญญา"วัตถุประสงค์แห่งสัญญา": ผู้ใช้บริการจะต้อง  (ก.) ใช้บริการตามรายการส่งเสริมการขายนี้เพื่อการสื่อสารเฉพาะตนโดยมีเจตนาสุจริตตามวิธีการใช้ บริการเยี่ยงปกติประเพณีของบุคคลธรรมดาทั่วไปที่จะพึงกระทำเท่านั้น มิใช่เพื่อประโยชน์ หรือสิ่งอื่นใดที่อาจถือเอาประโยชน์ได้ และจะไม่นำบริการไปใช้ในเชิงพาณิชย์หรือให้บริการต่อ  (ข.) ไม่ใช้ ไม่นำบริการมาใช้ ไม่ดัดแปลง หรือไม่กระทำการใดๆ ในเทคโนโลยีหรือระบบหรือสิ่งอื่นใดเพื่อเชื่อมต่อหรือเกี่ยวข้องกับการใช้บริการดังกล่าว รวมทั้งไม่กระทำการ อันมีลักษณะหรือคาดหมายได้หรือ เชื่อได้ว่าจะก่อให้เกิดการผิดศีลธรรมหรือเกิดความเสียหายหรือเกิดความไม่เป็นธรรมต่อเรียลมูฟ หรือบุคคลอื่นใด ทั้งในทางตรงและทางอ้อม หรือไม่ทำการรบกวน หรือก่อความไม่สะดวก หรือเป็นอันตรายต่อเครือข่าย หรือทำให้ประสิทธิภาพการปฏิบัติงานของเครือข่ายหรือส่วนใด ๆ ของเครือข่าย เกิดความขัดข้องไม่เป็นไปตามปกติ  9.2 กระทำการที่มีเหตุผลอันเชื่อได้ว่าผู้ใช้บริการทุจริตหรือมีการปลอมแปลงเอกสารในการสมัครใช้หรือรับข้อเสนอของบริการหรือมีพฤติกรรมฉ้อฉลในการใช้บริการหรือนำบริการไปใช้โดยผิดกฎหมาย  10. เรียลมูฟ ขอสงวนสิทธิที่จะแก้ไข เปลี่ยนแปลง ระงับ หรือยกเลิกได้โดยไม่ต้องแจ้งให้ทราบล่วงหน้า หากมีข้อกำหนด คำสั่ง หรือนโยบายของหน่วยงานของรัฐที่เกี่ยวข้องกำหนดให้มีการแก้ไข เปลี่ยนแปลง ระงับ หรือยกเลิกเงื่อนไขของบริการนี้หรือคำสั่งดังกล่าวเป็นการเพิ่มภาระในการดำเนินการของเรียลมูฟ  11. เว้นแต่จะได้ระบุไว้โดยชัดแจ้งเป็นอย่างอื่น เรียลมูฟขอสงวนสิทธิในการแก้ไขเปลี่ยนแปลง ระงับหรือยกเลิกข้อกำหนดนี้ได้ตามความเหมาะสมโดยจะแจ้งให้ทราบล่วงหน้าอย่างน้อย 30 วันผ่านช่องทางที่เรียลมูฟพิจารณาเห็นสมควร  12. รายการส่งเสริมการขายนี้มีระยะเวลา 12 เดือน นับตั้งแต่วันที่จดทะเบียนเปิดใช้บริการตามรายการส่งเสริมการขายนี้', NULL, '2015-06-04 04:07:24', '2015-06-04 04:07:24'),
(3, 5, '4G แพคเกต', '4G Package', 'post', 1, 'generic', 'ส่วนใหญ่ บริการขั้นสูง', 'Most Advanced Services', 'ความเร็ว ที่เร็วที่สุด ที่มี ข้อมูล เพิ่มเติม', 'Fastest Speed with More Data', '4G', 'active', '0000-00-00 00:00:00', NULL, '{"allow_mnp":"yes","allow_new_number":"yes"}', '2', '499', '499', 'ต่อเดือน', 'pre month', 'โทร|400 นาที', 'Talk|400 mins', '', '', '0 เมกกะไบร์', '0MB', '', '', '0.20 /mb', '0.20 /เมกกะบิต', 'ไม่จำกัด', 'Unlimited', '', '', '', '', '', '', '', '', '', '', 'Free Cable TV On The Go', 'Free Cable TV On The Go', 'ไม่มี', 'Not Offer', 0, '{"voice":"no","data":"yes"}', '{"charge":"\\u0e2d\\u0e31\\u0e19\\u0e14\\u0e31\\u0e1a 1 \\u0e40\\u0e23\\u0e34\\u0e48\\u0e21\\u0e15\\u0e49\\u0e19\\u0e17\\u0e35\\u0e48"}', '{"charge":"1st No. Starting at"}', '', '', '4G iSmart 499  1. รายการส่งเสริมการขายนี้สำหรับผู้สมัครใช้บริการเลขหมายใหม่โทรศัพท์เคลื่อนที่ ทรูมูฟ เอช ของบริษัท เรียล มูฟ จำกัด ("เรียลมูฟ") ในระบบรายเดือน ในนามบุคคลธรรมดา ตั้งแต่วันที่ 26 มีนาคม 2558 ถึง 30 มิถุนายน 2558 หรือจนกว่าจะมีการเปลี่ยนแปลง  2. รายละเอียดรายการส่งเสริมการขาย: อัตราค่าบริการยังไม่รวมภาษีมูลค่าเพิ่ม 2.1. รายการส่งเสริมการขาย 4G iSmart 499 สิทธิตามแพ็กเกจปกติ: คิดอัตราค่าใช้บริการเหมาจ่ายขั้นต่ำรายเดือน 499 บาท ต่อเดือน ผู้ใช้บริการจะได้รับสิทธิใช้บริการ ดังนี้  1. รับสิทธิโทรทุกเครือข่ายจำนวน 150 นาทีต่อเดือน นาทีที่ 151 เป็นต้นไป จะคิดอัตราค่าใช้บริการ เพิ่มเติมจากค่าใช้บริการเหมาจ่ายขั้นต่ำรายเดือนสำหรับการโทรทุกเครือข่ายตลอด 24 ชั่วโมง ในอัตรานาทีละ 1.25 บาท คิดตามจริงเป็นนาที เศษของนาทีคิดเป็นหนึ่งนาที  2. รับสิทธิชมรายการผ่าน ทรูวิชั่นส์ เอนิแวร์แอพพลิเคชั่นบนมือถือ เดือนละ 1 กิกะไบต์ (GB) โดยไม่เสียค่าบริการรับชมรายเดือน เป็นระยะเวลานาน 12 เดือน (รอบบิล) นับตั้งแต่ติดตั้ง ทรูวิชั่นส์ เอนิแวร์ แอพพลิเคชั่น บนมือถือ เสร็จสมบูรณ์ และตราบเท่าที่ลูกค้ายังปฏิบัติตามเงื่อนไข ในรายการส่งเสริมการขายนี้ อย่างถูกต้องและครบถ้วนี  3. รับสิทธิบริการ 4G ที่ความเร็วสูงสุด 100 เมกะบิตต่อวินาที (Mbps) และบริการ 3G/EDGE/GPRS ที่ความเร็วสูงสุด 42 เมกกะบิตต่อวินาที (Mbps) เป็นจำนวน 1.5 กิกะไบต์ (GB) หลังจากนั้น จะใช้ได้ไม่จำกัดปริมาณการใช้งานที่ความเร็วสูงสุดไม่เกิน 128 กิโลบิตต่อวินาที (Kbps) ทั้งนี้ขึ้นอยู่กับพื้นที่ให้บริการและอุปกรณ์ที่รองรับ สามารถตรวจสอบได้ที่ www.truemove-h.com/4G  4. รับสิทธิใช้บริการ Wi-Fi ที่ความเร็วสูงสุด 200 เมกกะไบต์ต่อวินาที (Mbps) ไม่จำกัดปริมาณการใช้งาน ผู้ใช้บริการสามารถตรวจสอบพื้นที่การให้บริการของ WiFi by TrueMove H ได้ที่ www.truewifi.net สิทธิพิเศษเพิ่มเติมจากสิทธิตามแพ็กเกจปกติในเดือน (รอบบิล) ที่ 1 ถึง เดือนที่ 6:  5. รับสิทธิใช้ บริการ 4G ที่ความเร็วสูงสุด 100 เมกะบิตต่อวินาที (Mbps) และบริการ 3G/EDGE/GPRS ที่ความเร็วสูงสุด 42 เมกกะบิตต่อวินาที (Mbps) ตามนโยบายการใช้งานรับส่งข้อมูลอย่างเหมาะสมของ เรียลมูฟ (Fair Usage Policy) ในปริมาณที่เพิ่มจากปริมาณปกติในแพ็กเกจอีก 1.5 กิกกะไบต์ (GB) เป็นจำนวน 3 กิกกะไบต์ (GB) เป็นระยะเวลา 6 เดือน (รอบบิล)  3. ค่าบริการส่วนเกินเหมาจ่าย คิดเพิ่มเติมจากค่าใช้บริการเหมาจ่ายขั้นต่ำรายเดือนในอัตรา ดังนี้ 3.1 โทรทุกเครือข่าย นาทีละ 1.25 บาท ตลอด 24 ชั่วโมง คิดตามจริงเป็นนาที เศษของนาทีคิดเป็นหนึ่งนาที 3.2 บริการส่งข้อความสั้น (SMS) ระหว่างโทรศัพท์เคลื่อนที่ที่ใช้และจดทะเบียนภายในประเทศ ข้อความละ 2 บาท 3.3 บริการส่งข้อความมัลติมีเดีย (MMS) ระหว่างโทรศัพท์เคลื่อนทีที่ใช้และจดทะเบียนภายในประเทศ ครั้งละ 5 บาท  4. อัตราค่าใช้บริการในข้อ 2 และข้อ 3 ทั้งหมดครอบคลุมเฉพาะค่าบริการโทรออกไปยังเลขหมายโทรศัพท์เคลื่อนที่หรือโทรศัพท์พื้นฐานที่ใช้และจดทะเบียนภายในประเทศ ค่าบริการ 3G/EDGE/GPRS และค่าบริการเสริมตามประเภทและอัตราตามที่ระบุไว้เท่านั้น ไม่รวมถึงค่าบริการอื่นๆ เช่น บริการดาวน์โหลดข้อมูลเนื้อหาต่างๆ, ค่าบริการข่าวสารข้อมูล, ค่าบริการโทรศัพท์ระหว่างประเทศ, ค่าโทรศัพท์ข้ามแดนและบริการเสริมอื่นๆ  5. อัตราค่าใช้บริการข้างต้นทั้งหมดยังไม่รวมภาษีมูลค่าเพิ่ม  6. เงื่อนไขการใช้บริการ Wi-Fi by TrueMove H 6.1 ผู้ใช้บริการสามารถใช้เลขหมายโทรศัพท์เคลื่อนที่ ทรูมูฟ เอช ของผู้ใช้บริการเป็นชื่อ username ตามด้วยโดเมนเนม@TrueMoveH (08xxxxxxxx@truemoveH) และทางระบบจะจัดส่ง password ให้ผู้ใช้บริการผ่านทาง SMS ในการเชื่อมต่ออินเทอร์เน็ต  6.2 ผู้ใช้บริการจะได้รับ username และ password ของ Wi-Fi by TrueMove H ของบริษัท ทรู อินเทอร์เน็ต จำกัด (“ทรู อินเทอร์เน็ต”) หลังจากที่ได้เริ่มใช้บริการ ภายใน 1 ชั่วโมงโดยอัตโนมัติ  6.3 หากผู้ใช้บริการลืม password ของ Wi-Fi by TrueMove H สามารถขอรับ password ใหม่ได้ โดยติดต่อ ทรูมูฟ เอช แคร์ 1331 หรือผ่านช่องทางที่เรียลมูฟ กำหนดให้  6.4 ในระหว่างการให้บริการ Wi-Fi by TrueMove H ทรู อินเทอร์เน็ต มีความจำเป็นต้องตัดระบบการเชื่อมต่ออินเทอร์เน็ต (Session time out) ทุก ๆ 90 นาที เพื่อตรวจสอบ และบันทึกปริมาณการใช้งาน หลังจากการตัดการใช้งานนี้แล้วหากต้องการใช้งานต่อ ผู้ใช้บริการจะต้องปิด และเปิดการเชื่อมต่อสัญญาณใหม่อีกครั้ง  6.5 ในกรณีที่ผู้ใช้บริการ Wi-Fi by TrueMove H ลืม Log Out หรือไม่ได้ใช้บริการติดต่อกันเกิน 10 นาที ระบบจะทำการ Log Out ให้โดยอัตโนมัติ  6.6 Concurrent ในการเชื่อมต่อสัญญาณ Wi-Fi จะมีผู้ใช้งานเพียง 1 คนต่อการใช้งานอินเทอร์เน็ต หรือ Wi-Fi ต่อครั้งเท่านั้น  7. สิทธิใด ๆ ตามที่ระบุไว้ในรายการส่งเสริมการขายนี้ไม่สามารถแลก คืน หรือเปลี่ยนเป็นเงินสดหรือของอื่นใดได้ รวมตลอดทั้งไม่สามารถโอนไปให้บุคคลหรือนิติบุคคลอื่นใดได้ด้วย  8. ผู้ใช้บริการจะไม่สามารถใช้บริการ โทรออกไปยังหมายเลขพิเศษ เช่น 1900 หรือส่งข้อความสั้น (SMS) ที่มีการคิดเงินในเชิงพาณิชย์ ใช้บริการเสริม BlackBerry ทั้งนี้ จนกว่าจะมีการแจ้งเปลี่ยนแปลง  9. หากผู้ใช้บริการกระทำการอันเป็นการอย่างใดอย่างหนึ่งดังต่อไปนี้ เรียลมูฟ ขอสงวนสิทธิในการยกเลิกการให้บริการตามสัญญาได้ทันที 9.1 กระทำการฝ่าฝืนข้อห้ามในสัญญา: หากผู้ใช้บริการกระทำผิดวัตถุประสงค์แห่งสัญญา ให้ถือเป็นการฝ่าฝืนข้อห้ามในสัญญา"วัตถุประสงค์แห่งสัญญา": ผู้ใช้บริการจะต้อง  (ก.) ใช้บริการตามรายการส่งเสริมการขายนี้เพื่อการสื่อสารเฉพาะตนโดยมีเจตนาสุจริตตามวิธีการใช้ บริการเยี่ยงปกติประเพณีของบุคคลธรรมดาทั่วไปที่จะพึงกระทำเท่านั้น มิใช่เพื่อประโยชน์ หรือสิ่งอื่นใดที่อาจถือเอาประโยชน์ได้ และจะไม่นำบริการไปใช้ในเชิงพาณิชย์หรือให้บริการต่อ  (ข.) ไม่ใช้ ไม่นำบริการมาใช้ ไม่ดัดแปลง หรือไม่กระทำการใดๆ ในเทคโนโลยีหรือระบบหรือสิ่งอื่นใดเพื่อเชื่อมต่อหรือเกี่ยวข้องกับการใช้บริการดังกล่าว รวมทั้งไม่กระทำการ อันมีลักษณะหรือคาดหมายได้หรือ เชื่อได้ว่าจะก่อให้เกิดการผิดศีลธรรมหรือเกิดความเสียหายหรือเกิดความไม่เป็นธรรมต่อเรียลมูฟ หรือบุคคลอื่นใด ทั้งในทางตรงและทางอ้อม หรือไม่ทำการรบกวน หรือก่อความไม่สะดวก หรือเป็นอันตรายต่อเครือข่าย หรือทำให้ประสิทธิภาพการปฏิบัติงานของเครือข่ายหรือส่วนใด ๆ ของเครือข่าย เกิดความขัดข้องไม่เป็นไปตามปกติ  9.2 กระทำการที่มีเหตุผลอันเชื่อได้ว่าผู้ใช้บริการทุจริตหรือมีการปลอมแปลงเอกสารในการสมัครใช้หรือรับข้อเสนอของบริการหรือมีพฤติกรรมฉ้อฉลในการใช้บริการหรือนำบริการไปใช้โดยผิดกฎหมาย  10. เรียลมูฟ ขอสงวนสิทธิที่จะแก้ไข เปลี่ยนแปลง ระงับ หรือยกเลิกได้โดยไม่ต้องแจ้งให้ทราบล่วงหน้า หากมีข้อกำหนด คำสั่ง หรือนโยบายของหน่วยงานของรัฐที่เกี่ยวข้องกำหนดให้มีการแก้ไข เปลี่ยนแปลง ระงับ หรือยกเลิกเงื่อนไขของบริการนี้หรือคำสั่งดังกล่าวเป็นการเพิ่มภาระในการดำเนินการของเรียลมูฟ  11. เว้นแต่จะได้ระบุไว้โดยชัดแจ้งเป็นอย่างอื่น เรียลมูฟขอสงวนสิทธิในการแก้ไขเปลี่ยนแปลง ระงับหรือยกเลิกข้อกำหนดนี้ได้ตามความเหมาะสมโดยจะแจ้งให้ทราบล่วงหน้าอย่างน้อย 30 วันผ่านช่องทางที่เรียลมูฟพิจารณาเห็นสมควร  12. รายการส่งเสริมการขายนี้มีระยะเวลา 12 เดือน นับตั้งแต่วันที่จดทะเบียนเปิดใช้บริการตามรายการส่งเสริมการขายนี้', '4G iSmart 499  1. รายการส่งเสริมการขายนี้สำหรับผู้สมัครใช้บริการเลขหมายใหม่โทรศัพท์เคลื่อนที่ ทรูมูฟ เอช ของบริษัท เรียล มูฟ จำกัด ("เรียลมูฟ") ในระบบรายเดือน ในนามบุคคลธรรมดา ตั้งแต่วันที่ 26 มีนาคม 2558 ถึง 30 มิถุนายน 2558 หรือจนกว่าจะมีการเปลี่ยนแปลง  2. รายละเอียดรายการส่งเสริมการขาย: อัตราค่าบริการยังไม่รวมภาษีมูลค่าเพิ่ม 2.1. รายการส่งเสริมการขาย 4G iSmart 499 สิทธิตามแพ็กเกจปกติ: คิดอัตราค่าใช้บริการเหมาจ่ายขั้นต่ำรายเดือน 499 บาท ต่อเดือน ผู้ใช้บริการจะได้รับสิทธิใช้บริการ ดังนี้  1. รับสิทธิโทรทุกเครือข่ายจำนวน 150 นาทีต่อเดือน นาทีที่ 151 เป็นต้นไป จะคิดอัตราค่าใช้บริการ เพิ่มเติมจากค่าใช้บริการเหมาจ่ายขั้นต่ำรายเดือนสำหรับการโทรทุกเครือข่ายตลอด 24 ชั่วโมง ในอัตรานาทีละ 1.25 บาท คิดตามจริงเป็นนาที เศษของนาทีคิดเป็นหนึ่งนาที  2. รับสิทธิชมรายการผ่าน ทรูวิชั่นส์ เอนิแวร์แอพพลิเคชั่นบนมือถือ เดือนละ 1 กิกะไบต์ (GB) โดยไม่เสียค่าบริการรับชมรายเดือน เป็นระยะเวลานาน 12 เดือน (รอบบิล) นับตั้งแต่ติดตั้ง ทรูวิชั่นส์ เอนิแวร์ แอพพลิเคชั่น บนมือถือ เสร็จสมบูรณ์ และตราบเท่าที่ลูกค้ายังปฏิบัติตามเงื่อนไข ในรายการส่งเสริมการขายนี้ อย่างถูกต้องและครบถ้วนี  3. รับสิทธิบริการ 4G ที่ความเร็วสูงสุด 100 เมกะบิตต่อวินาที (Mbps) และบริการ 3G/EDGE/GPRS ที่ความเร็วสูงสุด 42 เมกกะบิตต่อวินาที (Mbps) เป็นจำนวน 1.5 กิกะไบต์ (GB) หลังจากนั้น จะใช้ได้ไม่จำกัดปริมาณการใช้งานที่ความเร็วสูงสุดไม่เกิน 128 กิโลบิตต่อวินาที (Kbps) ทั้งนี้ขึ้นอยู่กับพื้นที่ให้บริการและอุปกรณ์ที่รองรับ สามารถตรวจสอบได้ที่ www.truemove-h.com/4G  4. รับสิทธิใช้บริการ Wi-Fi ที่ความเร็วสูงสุด 200 เมกกะไบต์ต่อวินาที (Mbps) ไม่จำกัดปริมาณการใช้งาน ผู้ใช้บริการสามารถตรวจสอบพื้นที่การให้บริการของ WiFi by TrueMove H ได้ที่ www.truewifi.net สิทธิพิเศษเพิ่มเติมจากสิทธิตามแพ็กเกจปกติในเดือน (รอบบิล) ที่ 1 ถึง เดือนที่ 6:  5. รับสิทธิใช้ บริการ 4G ที่ความเร็วสูงสุด 100 เมกะบิตต่อวินาที (Mbps) และบริการ 3G/EDGE/GPRS ที่ความเร็วสูงสุด 42 เมกกะบิตต่อวินาที (Mbps) ตามนโยบายการใช้งานรับส่งข้อมูลอย่างเหมาะสมของ เรียลมูฟ (Fair Usage Policy) ในปริมาณที่เพิ่มจากปริมาณปกติในแพ็กเกจอีก 1.5 กิกกะไบต์ (GB) เป็นจำนวน 3 กิกกะไบต์ (GB) เป็นระยะเวลา 6 เดือน (รอบบิล)  3. ค่าบริการส่วนเกินเหมาจ่าย คิดเพิ่มเติมจากค่าใช้บริการเหมาจ่ายขั้นต่ำรายเดือนในอัตรา ดังนี้ 3.1 โทรทุกเครือข่าย นาทีละ 1.25 บาท ตลอด 24 ชั่วโมง คิดตามจริงเป็นนาที เศษของนาทีคิดเป็นหนึ่งนาที 3.2 บริการส่งข้อความสั้น (SMS) ระหว่างโทรศัพท์เคลื่อนที่ที่ใช้และจดทะเบียนภายในประเทศ ข้อความละ 2 บาท 3.3 บริการส่งข้อความมัลติมีเดีย (MMS) ระหว่างโทรศัพท์เคลื่อนทีที่ใช้และจดทะเบียนภายในประเทศ ครั้งละ 5 บาท  4. อัตราค่าใช้บริการในข้อ 2 และข้อ 3 ทั้งหมดครอบคลุมเฉพาะค่าบริการโทรออกไปยังเลขหมายโทรศัพท์เคลื่อนที่หรือโทรศัพท์พื้นฐานที่ใช้และจดทะเบียนภายในประเทศ ค่าบริการ 3G/EDGE/GPRS และค่าบริการเสริมตามประเภทและอัตราตามที่ระบุไว้เท่านั้น ไม่รวมถึงค่าบริการอื่นๆ เช่น บริการดาวน์โหลดข้อมูลเนื้อหาต่างๆ, ค่าบริการข่าวสารข้อมูล, ค่าบริการโทรศัพท์ระหว่างประเทศ, ค่าโทรศัพท์ข้ามแดนและบริการเสริมอื่นๆ  5. อัตราค่าใช้บริการข้างต้นทั้งหมดยังไม่รวมภาษีมูลค่าเพิ่ม  6. เงื่อนไขการใช้บริการ Wi-Fi by TrueMove H 6.1 ผู้ใช้บริการสามารถใช้เลขหมายโทรศัพท์เคลื่อนที่ ทรูมูฟ เอช ของผู้ใช้บริการเป็นชื่อ username ตามด้วยโดเมนเนม@TrueMoveH (08xxxxxxxx@truemoveH) และทางระบบจะจัดส่ง password ให้ผู้ใช้บริการผ่านทาง SMS ในการเชื่อมต่ออินเทอร์เน็ต  6.2 ผู้ใช้บริการจะได้รับ username และ password ของ Wi-Fi by TrueMove H ของบริษัท ทรู อินเทอร์เน็ต จำกัด (“ทรู อินเทอร์เน็ต”) หลังจากที่ได้เริ่มใช้บริการ ภายใน 1 ชั่วโมงโดยอัตโนมัติ  6.3 หากผู้ใช้บริการลืม password ของ Wi-Fi by TrueMove H สามารถขอรับ password ใหม่ได้ โดยติดต่อ ทรูมูฟ เอช แคร์ 1331 หรือผ่านช่องทางที่เรียลมูฟ กำหนดให้  6.4 ในระหว่างการให้บริการ Wi-Fi by TrueMove H ทรู อินเทอร์เน็ต มีความจำเป็นต้องตัดระบบการเชื่อมต่ออินเทอร์เน็ต (Session time out) ทุก ๆ 90 นาที เพื่อตรวจสอบ และบันทึกปริมาณการใช้งาน หลังจากการตัดการใช้งานนี้แล้วหากต้องการใช้งานต่อ ผู้ใช้บริการจะต้องปิด และเปิดการเชื่อมต่อสัญญาณใหม่อีกครั้ง  6.5 ในกรณีที่ผู้ใช้บริการ Wi-Fi by TrueMove H ลืม Log Out หรือไม่ได้ใช้บริการติดต่อกันเกิน 10 นาที ระบบจะทำการ Log Out ให้โดยอัตโนมัติ  6.6 Concurrent ในการเชื่อมต่อสัญญาณ Wi-Fi จะมีผู้ใช้งานเพียง 1 คนต่อการใช้งานอินเทอร์เน็ต หรือ Wi-Fi ต่อครั้งเท่านั้น  7. สิทธิใด ๆ ตามที่ระบุไว้ในรายการส่งเสริมการขายนี้ไม่สามารถแลก คืน หรือเปลี่ยนเป็นเงินสดหรือของอื่นใดได้ รวมตลอดทั้งไม่สามารถโอนไปให้บุคคลหรือนิติบุคคลอื่นใดได้ด้วย  8. ผู้ใช้บริการจะไม่สามารถใช้บริการ โทรออกไปยังหมายเลขพิเศษ เช่น 1900 หรือส่งข้อความสั้น (SMS) ที่มีการคิดเงินในเชิงพาณิชย์ ใช้บริการเสริม BlackBerry ทั้งนี้ จนกว่าจะมีการแจ้งเปลี่ยนแปลง  9. หากผู้ใช้บริการกระทำการอันเป็นการอย่างใดอย่างหนึ่งดังต่อไปนี้ เรียลมูฟ ขอสงวนสิทธิในการยกเลิกการให้บริการตามสัญญาได้ทันที 9.1 กระทำการฝ่าฝืนข้อห้ามในสัญญา: หากผู้ใช้บริการกระทำผิดวัตถุประสงค์แห่งสัญญา ให้ถือเป็นการฝ่าฝืนข้อห้ามในสัญญา"วัตถุประสงค์แห่งสัญญา": ผู้ใช้บริการจะต้อง  (ก.) ใช้บริการตามรายการส่งเสริมการขายนี้เพื่อการสื่อสารเฉพาะตนโดยมีเจตนาสุจริตตามวิธีการใช้ บริการเยี่ยงปกติประเพณีของบุคคลธรรมดาทั่วไปที่จะพึงกระทำเท่านั้น มิใช่เพื่อประโยชน์ หรือสิ่งอื่นใดที่อาจถือเอาประโยชน์ได้ และจะไม่นำบริการไปใช้ในเชิงพาณิชย์หรือให้บริการต่อ  (ข.) ไม่ใช้ ไม่นำบริการมาใช้ ไม่ดัดแปลง หรือไม่กระทำการใดๆ ในเทคโนโลยีหรือระบบหรือสิ่งอื่นใดเพื่อเชื่อมต่อหรือเกี่ยวข้องกับการใช้บริการดังกล่าว รวมทั้งไม่กระทำการ อันมีลักษณะหรือคาดหมายได้หรือ เชื่อได้ว่าจะก่อให้เกิดการผิดศีลธรรมหรือเกิดความเสียหายหรือเกิดความไม่เป็นธรรมต่อเรียลมูฟ หรือบุคคลอื่นใด ทั้งในทางตรงและทางอ้อม หรือไม่ทำการรบกวน หรือก่อความไม่สะดวก หรือเป็นอันตรายต่อเครือข่าย หรือทำให้ประสิทธิภาพการปฏิบัติงานของเครือข่ายหรือส่วนใด ๆ ของเครือข่าย เกิดความขัดข้องไม่เป็นไปตามปกติ  9.2 กระทำการที่มีเหตุผลอันเชื่อได้ว่าผู้ใช้บริการทุจริตหรือมีการปลอมแปลงเอกสารในการสมัครใช้หรือรับข้อเสนอของบริการหรือมีพฤติกรรมฉ้อฉลในการใช้บริการหรือนำบริการไปใช้โดยผิดกฎหมาย  10. เรียลมูฟ ขอสงวนสิทธิที่จะแก้ไข เปลี่ยนแปลง ระงับ หรือยกเลิกได้โดยไม่ต้องแจ้งให้ทราบล่วงหน้า หากมีข้อกำหนด คำสั่ง หรือนโยบายของหน่วยงานของรัฐที่เกี่ยวข้องกำหนดให้มีการแก้ไข เปลี่ยนแปลง ระงับ หรือยกเลิกเงื่อนไขของบริการนี้หรือคำสั่งดังกล่าวเป็นการเพิ่มภาระในการดำเนินการของเรียลมูฟ  11. เว้นแต่จะได้ระบุไว้โดยชัดแจ้งเป็นอย่างอื่น เรียลมูฟขอสงวนสิทธิในการแก้ไขเปลี่ยนแปลง ระงับหรือยกเลิกข้อกำหนดนี้ได้ตามความเหมาะสมโดยจะแจ้งให้ทราบล่วงหน้าอย่างน้อย 30 วันผ่านช่องทางที่เรียลมูฟพิจารณาเห็นสมควร  12. รายการส่งเสริมการขายนี้มีระยะเวลา 12 เดือน นับตั้งแต่วันที่จดทะเบียนเปิดใช้บริการตามรายการส่งเสริมการขายนี้', NULL, '2015-06-04 04:07:26', '2015-06-04 04:07:26');
INSERT INTO `tmh_priceplan` (`id`, `fk_tmh_package_id`, `dn_tmh_package_name_th`, `dn_tmh_package_name_en`, `dn_tmh_package_type`, `dn_tmh_package_category_id`, `dn_tmh_package_catagory_type`, `dn_tmh_package_catagory_name_th`, `dn_tmh_package_catagory_name_en`, `dn_tmh_package_message_caption_th`, `dn_tmh_package_message_caption_en`, `dn_tmh_package_telecom_generation`, `dn_tmh_package_status`, `dn_tmh_publish_start_date`, `dn_tmh_publish_end_date`, `dn_tmh_package_js_allow_function`, `dn_tmh_package_sort`, `priceplan_charge_th`, `priceplan_charge_en`, `priceplan_charge_per_th`, `priceplan_charge_per_en`, `privilege_voice_th`, `privilege_voice_en`, `privilege_voice_oc_th`, `privilege_voice_oc_en`, `privilege_data_th`, `privilege_data_en`, `privilege_data_mesage_th`, `privilege_data_mesage_en`, `privilege_data_oc_th`, `privilege_data_oc_en`, `privilege_wifi_th`, `privilege_wifi_en`, `privilege_wifi_oc_th`, `privilege_wifi_oc_en`, `privilege_sms_th`, `privilege_sms_en`, `privilege_sms_oc_th`, `privilege_sms_oc_en`, `privilege_mms_th`, `privilege_mms_en`, `privilege_mms_oc_th`, `privilege_mms_oc_en`, `privilege_tv_anywhere_th`, `privilege_tv_anywhere_en`, `privilege_truecard_th`, `privilege_truecard_en`, `pin_priceplan`, `js_hilight`, `js_marketing_message_th`, `js_marketing_message_en`, `js_tag_th`, `js_tag_en`, `term_condition_th`, `term_condition_en`, `deleted_at`, `created_at`, `updated_at`) VALUES
(4, 5, '4G แพคเกต', '4G Package', 'post', 1, 'generic', 'ส่วนใหญ่ บริการขั้นสูง', 'Most Advanced Services', 'ความเร็ว ที่เร็วที่สุด ที่มี ข้อมูล เพิ่มเติม', 'Fastest Speed with More Data', '4G', 'active', '0000-00-00 00:00:00', NULL, '{"allow_mnp":"yes","allow_new_number":"yes"}', '3', '499', '499', 'ต่อเดือน', 'pre month', 'โทร|400 นาที', 'Talk|400 mins', '', '', '0 เมกกะไบร์', '0MB', '', '', '0.20 /mb', '0.20 /เมกกะบิต', 'ไม่จำกัด', 'Unlimited', '', '', '', '', '', '', '', '', '', '', 'Free Cable TV On The Go', 'Free Cable TV On The Go', 'ไม่มี', 'Not Offer', 0, '{"voice":"no","data":"yes"}', '{"charge":"\\u0e2d\\u0e31\\u0e19\\u0e14\\u0e31\\u0e1a 1 \\u0e40\\u0e23\\u0e34\\u0e48\\u0e21\\u0e15\\u0e49\\u0e19\\u0e17\\u0e35\\u0e48"}', '{"charge":"1st No. Starting at"}', '', '', '4G iSmart 499  1. รายการส่งเสริมการขายนี้สำหรับผู้สมัครใช้บริการเลขหมายใหม่โทรศัพท์เคลื่อนที่ ทรูมูฟ เอช ของบริษัท เรียล มูฟ จำกัด ("เรียลมูฟ") ในระบบรายเดือน ในนามบุคคลธรรมดา ตั้งแต่วันที่ 26 มีนาคม 2558 ถึง 30 มิถุนายน 2558 หรือจนกว่าจะมีการเปลี่ยนแปลง  2. รายละเอียดรายการส่งเสริมการขาย: อัตราค่าบริการยังไม่รวมภาษีมูลค่าเพิ่ม 2.1. รายการส่งเสริมการขาย 4G iSmart 499 สิทธิตามแพ็กเกจปกติ: คิดอัตราค่าใช้บริการเหมาจ่ายขั้นต่ำรายเดือน 499 บาท ต่อเดือน ผู้ใช้บริการจะได้รับสิทธิใช้บริการ ดังนี้  1. รับสิทธิโทรทุกเครือข่ายจำนวน 150 นาทีต่อเดือน นาทีที่ 151 เป็นต้นไป จะคิดอัตราค่าใช้บริการ เพิ่มเติมจากค่าใช้บริการเหมาจ่ายขั้นต่ำรายเดือนสำหรับการโทรทุกเครือข่ายตลอด 24 ชั่วโมง ในอัตรานาทีละ 1.25 บาท คิดตามจริงเป็นนาที เศษของนาทีคิดเป็นหนึ่งนาที  2. รับสิทธิชมรายการผ่าน ทรูวิชั่นส์ เอนิแวร์แอพพลิเคชั่นบนมือถือ เดือนละ 1 กิกะไบต์ (GB) โดยไม่เสียค่าบริการรับชมรายเดือน เป็นระยะเวลานาน 12 เดือน (รอบบิล) นับตั้งแต่ติดตั้ง ทรูวิชั่นส์ เอนิแวร์ แอพพลิเคชั่น บนมือถือ เสร็จสมบูรณ์ และตราบเท่าที่ลูกค้ายังปฏิบัติตามเงื่อนไข ในรายการส่งเสริมการขายนี้ อย่างถูกต้องและครบถ้วนี  3. รับสิทธิบริการ 4G ที่ความเร็วสูงสุด 100 เมกะบิตต่อวินาที (Mbps) และบริการ 3G/EDGE/GPRS ที่ความเร็วสูงสุด 42 เมกกะบิตต่อวินาที (Mbps) เป็นจำนวน 1.5 กิกะไบต์ (GB) หลังจากนั้น จะใช้ได้ไม่จำกัดปริมาณการใช้งานที่ความเร็วสูงสุดไม่เกิน 128 กิโลบิตต่อวินาที (Kbps) ทั้งนี้ขึ้นอยู่กับพื้นที่ให้บริการและอุปกรณ์ที่รองรับ สามารถตรวจสอบได้ที่ www.truemove-h.com/4G  4. รับสิทธิใช้บริการ Wi-Fi ที่ความเร็วสูงสุด 200 เมกกะไบต์ต่อวินาที (Mbps) ไม่จำกัดปริมาณการใช้งาน ผู้ใช้บริการสามารถตรวจสอบพื้นที่การให้บริการของ WiFi by TrueMove H ได้ที่ www.truewifi.net สิทธิพิเศษเพิ่มเติมจากสิทธิตามแพ็กเกจปกติในเดือน (รอบบิล) ที่ 1 ถึง เดือนที่ 6:  5. รับสิทธิใช้ บริการ 4G ที่ความเร็วสูงสุด 100 เมกะบิตต่อวินาที (Mbps) และบริการ 3G/EDGE/GPRS ที่ความเร็วสูงสุด 42 เมกกะบิตต่อวินาที (Mbps) ตามนโยบายการใช้งานรับส่งข้อมูลอย่างเหมาะสมของ เรียลมูฟ (Fair Usage Policy) ในปริมาณที่เพิ่มจากปริมาณปกติในแพ็กเกจอีก 1.5 กิกกะไบต์ (GB) เป็นจำนวน 3 กิกกะไบต์ (GB) เป็นระยะเวลา 6 เดือน (รอบบิล)  3. ค่าบริการส่วนเกินเหมาจ่าย คิดเพิ่มเติมจากค่าใช้บริการเหมาจ่ายขั้นต่ำรายเดือนในอัตรา ดังนี้ 3.1 โทรทุกเครือข่าย นาทีละ 1.25 บาท ตลอด 24 ชั่วโมง คิดตามจริงเป็นนาที เศษของนาทีคิดเป็นหนึ่งนาที 3.2 บริการส่งข้อความสั้น (SMS) ระหว่างโทรศัพท์เคลื่อนที่ที่ใช้และจดทะเบียนภายในประเทศ ข้อความละ 2 บาท 3.3 บริการส่งข้อความมัลติมีเดีย (MMS) ระหว่างโทรศัพท์เคลื่อนทีที่ใช้และจดทะเบียนภายในประเทศ ครั้งละ 5 บาท  4. อัตราค่าใช้บริการในข้อ 2 และข้อ 3 ทั้งหมดครอบคลุมเฉพาะค่าบริการโทรออกไปยังเลขหมายโทรศัพท์เคลื่อนที่หรือโทรศัพท์พื้นฐานที่ใช้และจดทะเบียนภายในประเทศ ค่าบริการ 3G/EDGE/GPRS และค่าบริการเสริมตามประเภทและอัตราตามที่ระบุไว้เท่านั้น ไม่รวมถึงค่าบริการอื่นๆ เช่น บริการดาวน์โหลดข้อมูลเนื้อหาต่างๆ, ค่าบริการข่าวสารข้อมูล, ค่าบริการโทรศัพท์ระหว่างประเทศ, ค่าโทรศัพท์ข้ามแดนและบริการเสริมอื่นๆ  5. อัตราค่าใช้บริการข้างต้นทั้งหมดยังไม่รวมภาษีมูลค่าเพิ่ม  6. เงื่อนไขการใช้บริการ Wi-Fi by TrueMove H 6.1 ผู้ใช้บริการสามารถใช้เลขหมายโทรศัพท์เคลื่อนที่ ทรูมูฟ เอช ของผู้ใช้บริการเป็นชื่อ username ตามด้วยโดเมนเนม@TrueMoveH (08xxxxxxxx@truemoveH) และทางระบบจะจัดส่ง password ให้ผู้ใช้บริการผ่านทาง SMS ในการเชื่อมต่ออินเทอร์เน็ต  6.2 ผู้ใช้บริการจะได้รับ username และ password ของ Wi-Fi by TrueMove H ของบริษัท ทรู อินเทอร์เน็ต จำกัด (“ทรู อินเทอร์เน็ต”) หลังจากที่ได้เริ่มใช้บริการ ภายใน 1 ชั่วโมงโดยอัตโนมัติ  6.3 หากผู้ใช้บริการลืม password ของ Wi-Fi by TrueMove H สามารถขอรับ password ใหม่ได้ โดยติดต่อ ทรูมูฟ เอช แคร์ 1331 หรือผ่านช่องทางที่เรียลมูฟ กำหนดให้  6.4 ในระหว่างการให้บริการ Wi-Fi by TrueMove H ทรู อินเทอร์เน็ต มีความจำเป็นต้องตัดระบบการเชื่อมต่ออินเทอร์เน็ต (Session time out) ทุก ๆ 90 นาที เพื่อตรวจสอบ และบันทึกปริมาณการใช้งาน หลังจากการตัดการใช้งานนี้แล้วหากต้องการใช้งานต่อ ผู้ใช้บริการจะต้องปิด และเปิดการเชื่อมต่อสัญญาณใหม่อีกครั้ง  6.5 ในกรณีที่ผู้ใช้บริการ Wi-Fi by TrueMove H ลืม Log Out หรือไม่ได้ใช้บริการติดต่อกันเกิน 10 นาที ระบบจะทำการ Log Out ให้โดยอัตโนมัติ  6.6 Concurrent ในการเชื่อมต่อสัญญาณ Wi-Fi จะมีผู้ใช้งานเพียง 1 คนต่อการใช้งานอินเทอร์เน็ต หรือ Wi-Fi ต่อครั้งเท่านั้น  7. สิทธิใด ๆ ตามที่ระบุไว้ในรายการส่งเสริมการขายนี้ไม่สามารถแลก คืน หรือเปลี่ยนเป็นเงินสดหรือของอื่นใดได้ รวมตลอดทั้งไม่สามารถโอนไปให้บุคคลหรือนิติบุคคลอื่นใดได้ด้วย  8. ผู้ใช้บริการจะไม่สามารถใช้บริการ โทรออกไปยังหมายเลขพิเศษ เช่น 1900 หรือส่งข้อความสั้น (SMS) ที่มีการคิดเงินในเชิงพาณิชย์ ใช้บริการเสริม BlackBerry ทั้งนี้ จนกว่าจะมีการแจ้งเปลี่ยนแปลง  9. หากผู้ใช้บริการกระทำการอันเป็นการอย่างใดอย่างหนึ่งดังต่อไปนี้ เรียลมูฟ ขอสงวนสิทธิในการยกเลิกการให้บริการตามสัญญาได้ทันที 9.1 กระทำการฝ่าฝืนข้อห้ามในสัญญา: หากผู้ใช้บริการกระทำผิดวัตถุประสงค์แห่งสัญญา ให้ถือเป็นการฝ่าฝืนข้อห้ามในสัญญา"วัตถุประสงค์แห่งสัญญา": ผู้ใช้บริการจะต้อง  (ก.) ใช้บริการตามรายการส่งเสริมการขายนี้เพื่อการสื่อสารเฉพาะตนโดยมีเจตนาสุจริตตามวิธีการใช้ บริการเยี่ยงปกติประเพณีของบุคคลธรรมดาทั่วไปที่จะพึงกระทำเท่านั้น มิใช่เพื่อประโยชน์ หรือสิ่งอื่นใดที่อาจถือเอาประโยชน์ได้ และจะไม่นำบริการไปใช้ในเชิงพาณิชย์หรือให้บริการต่อ  (ข.) ไม่ใช้ ไม่นำบริการมาใช้ ไม่ดัดแปลง หรือไม่กระทำการใดๆ ในเทคโนโลยีหรือระบบหรือสิ่งอื่นใดเพื่อเชื่อมต่อหรือเกี่ยวข้องกับการใช้บริการดังกล่าว รวมทั้งไม่กระทำการ อันมีลักษณะหรือคาดหมายได้หรือ เชื่อได้ว่าจะก่อให้เกิดการผิดศีลธรรมหรือเกิดความเสียหายหรือเกิดความไม่เป็นธรรมต่อเรียลมูฟ หรือบุคคลอื่นใด ทั้งในทางตรงและทางอ้อม หรือไม่ทำการรบกวน หรือก่อความไม่สะดวก หรือเป็นอันตรายต่อเครือข่าย หรือทำให้ประสิทธิภาพการปฏิบัติงานของเครือข่ายหรือส่วนใด ๆ ของเครือข่าย เกิดความขัดข้องไม่เป็นไปตามปกติ  9.2 กระทำการที่มีเหตุผลอันเชื่อได้ว่าผู้ใช้บริการทุจริตหรือมีการปลอมแปลงเอกสารในการสมัครใช้หรือรับข้อเสนอของบริการหรือมีพฤติกรรมฉ้อฉลในการใช้บริการหรือนำบริการไปใช้โดยผิดกฎหมาย  10. เรียลมูฟ ขอสงวนสิทธิที่จะแก้ไข เปลี่ยนแปลง ระงับ หรือยกเลิกได้โดยไม่ต้องแจ้งให้ทราบล่วงหน้า หากมีข้อกำหนด คำสั่ง หรือนโยบายของหน่วยงานของรัฐที่เกี่ยวข้องกำหนดให้มีการแก้ไข เปลี่ยนแปลง ระงับ หรือยกเลิกเงื่อนไขของบริการนี้หรือคำสั่งดังกล่าวเป็นการเพิ่มภาระในการดำเนินการของเรียลมูฟ  11. เว้นแต่จะได้ระบุไว้โดยชัดแจ้งเป็นอย่างอื่น เรียลมูฟขอสงวนสิทธิในการแก้ไขเปลี่ยนแปลง ระงับหรือยกเลิกข้อกำหนดนี้ได้ตามความเหมาะสมโดยจะแจ้งให้ทราบล่วงหน้าอย่างน้อย 30 วันผ่านช่องทางที่เรียลมูฟพิจารณาเห็นสมควร  12. รายการส่งเสริมการขายนี้มีระยะเวลา 12 เดือน นับตั้งแต่วันที่จดทะเบียนเปิดใช้บริการตามรายการส่งเสริมการขายนี้', '4G iSmart 499  1. รายการส่งเสริมการขายนี้สำหรับผู้สมัครใช้บริการเลขหมายใหม่โทรศัพท์เคลื่อนที่ ทรูมูฟ เอช ของบริษัท เรียล มูฟ จำกัด ("เรียลมูฟ") ในระบบรายเดือน ในนามบุคคลธรรมดา ตั้งแต่วันที่ 26 มีนาคม 2558 ถึง 30 มิถุนายน 2558 หรือจนกว่าจะมีการเปลี่ยนแปลง  2. รายละเอียดรายการส่งเสริมการขาย: อัตราค่าบริการยังไม่รวมภาษีมูลค่าเพิ่ม 2.1. รายการส่งเสริมการขาย 4G iSmart 499 สิทธิตามแพ็กเกจปกติ: คิดอัตราค่าใช้บริการเหมาจ่ายขั้นต่ำรายเดือน 499 บาท ต่อเดือน ผู้ใช้บริการจะได้รับสิทธิใช้บริการ ดังนี้  1. รับสิทธิโทรทุกเครือข่ายจำนวน 150 นาทีต่อเดือน นาทีที่ 151 เป็นต้นไป จะคิดอัตราค่าใช้บริการ เพิ่มเติมจากค่าใช้บริการเหมาจ่ายขั้นต่ำรายเดือนสำหรับการโทรทุกเครือข่ายตลอด 24 ชั่วโมง ในอัตรานาทีละ 1.25 บาท คิดตามจริงเป็นนาที เศษของนาทีคิดเป็นหนึ่งนาที  2. รับสิทธิชมรายการผ่าน ทรูวิชั่นส์ เอนิแวร์แอพพลิเคชั่นบนมือถือ เดือนละ 1 กิกะไบต์ (GB) โดยไม่เสียค่าบริการรับชมรายเดือน เป็นระยะเวลานาน 12 เดือน (รอบบิล) นับตั้งแต่ติดตั้ง ทรูวิชั่นส์ เอนิแวร์ แอพพลิเคชั่น บนมือถือ เสร็จสมบูรณ์ และตราบเท่าที่ลูกค้ายังปฏิบัติตามเงื่อนไข ในรายการส่งเสริมการขายนี้ อย่างถูกต้องและครบถ้วนี  3. รับสิทธิบริการ 4G ที่ความเร็วสูงสุด 100 เมกะบิตต่อวินาที (Mbps) และบริการ 3G/EDGE/GPRS ที่ความเร็วสูงสุด 42 เมกกะบิตต่อวินาที (Mbps) เป็นจำนวน 1.5 กิกะไบต์ (GB) หลังจากนั้น จะใช้ได้ไม่จำกัดปริมาณการใช้งานที่ความเร็วสูงสุดไม่เกิน 128 กิโลบิตต่อวินาที (Kbps) ทั้งนี้ขึ้นอยู่กับพื้นที่ให้บริการและอุปกรณ์ที่รองรับ สามารถตรวจสอบได้ที่ www.truemove-h.com/4G  4. รับสิทธิใช้บริการ Wi-Fi ที่ความเร็วสูงสุด 200 เมกกะไบต์ต่อวินาที (Mbps) ไม่จำกัดปริมาณการใช้งาน ผู้ใช้บริการสามารถตรวจสอบพื้นที่การให้บริการของ WiFi by TrueMove H ได้ที่ www.truewifi.net สิทธิพิเศษเพิ่มเติมจากสิทธิตามแพ็กเกจปกติในเดือน (รอบบิล) ที่ 1 ถึง เดือนที่ 6:  5. รับสิทธิใช้ บริการ 4G ที่ความเร็วสูงสุด 100 เมกะบิตต่อวินาที (Mbps) และบริการ 3G/EDGE/GPRS ที่ความเร็วสูงสุด 42 เมกกะบิตต่อวินาที (Mbps) ตามนโยบายการใช้งานรับส่งข้อมูลอย่างเหมาะสมของ เรียลมูฟ (Fair Usage Policy) ในปริมาณที่เพิ่มจากปริมาณปกติในแพ็กเกจอีก 1.5 กิกกะไบต์ (GB) เป็นจำนวน 3 กิกกะไบต์ (GB) เป็นระยะเวลา 6 เดือน (รอบบิล)  3. ค่าบริการส่วนเกินเหมาจ่าย คิดเพิ่มเติมจากค่าใช้บริการเหมาจ่ายขั้นต่ำรายเดือนในอัตรา ดังนี้ 3.1 โทรทุกเครือข่าย นาทีละ 1.25 บาท ตลอด 24 ชั่วโมง คิดตามจริงเป็นนาที เศษของนาทีคิดเป็นหนึ่งนาที 3.2 บริการส่งข้อความสั้น (SMS) ระหว่างโทรศัพท์เคลื่อนที่ที่ใช้และจดทะเบียนภายในประเทศ ข้อความละ 2 บาท 3.3 บริการส่งข้อความมัลติมีเดีย (MMS) ระหว่างโทรศัพท์เคลื่อนทีที่ใช้และจดทะเบียนภายในประเทศ ครั้งละ 5 บาท  4. อัตราค่าใช้บริการในข้อ 2 และข้อ 3 ทั้งหมดครอบคลุมเฉพาะค่าบริการโทรออกไปยังเลขหมายโทรศัพท์เคลื่อนที่หรือโทรศัพท์พื้นฐานที่ใช้และจดทะเบียนภายในประเทศ ค่าบริการ 3G/EDGE/GPRS และค่าบริการเสริมตามประเภทและอัตราตามที่ระบุไว้เท่านั้น ไม่รวมถึงค่าบริการอื่นๆ เช่น บริการดาวน์โหลดข้อมูลเนื้อหาต่างๆ, ค่าบริการข่าวสารข้อมูล, ค่าบริการโทรศัพท์ระหว่างประเทศ, ค่าโทรศัพท์ข้ามแดนและบริการเสริมอื่นๆ  5. อัตราค่าใช้บริการข้างต้นทั้งหมดยังไม่รวมภาษีมูลค่าเพิ่ม  6. เงื่อนไขการใช้บริการ Wi-Fi by TrueMove H 6.1 ผู้ใช้บริการสามารถใช้เลขหมายโทรศัพท์เคลื่อนที่ ทรูมูฟ เอช ของผู้ใช้บริการเป็นชื่อ username ตามด้วยโดเมนเนม@TrueMoveH (08xxxxxxxx@truemoveH) และทางระบบจะจัดส่ง password ให้ผู้ใช้บริการผ่านทาง SMS ในการเชื่อมต่ออินเทอร์เน็ต  6.2 ผู้ใช้บริการจะได้รับ username และ password ของ Wi-Fi by TrueMove H ของบริษัท ทรู อินเทอร์เน็ต จำกัด (“ทรู อินเทอร์เน็ต”) หลังจากที่ได้เริ่มใช้บริการ ภายใน 1 ชั่วโมงโดยอัตโนมัติ  6.3 หากผู้ใช้บริการลืม password ของ Wi-Fi by TrueMove H สามารถขอรับ password ใหม่ได้ โดยติดต่อ ทรูมูฟ เอช แคร์ 1331 หรือผ่านช่องทางที่เรียลมูฟ กำหนดให้  6.4 ในระหว่างการให้บริการ Wi-Fi by TrueMove H ทรู อินเทอร์เน็ต มีความจำเป็นต้องตัดระบบการเชื่อมต่ออินเทอร์เน็ต (Session time out) ทุก ๆ 90 นาที เพื่อตรวจสอบ และบันทึกปริมาณการใช้งาน หลังจากการตัดการใช้งานนี้แล้วหากต้องการใช้งานต่อ ผู้ใช้บริการจะต้องปิด และเปิดการเชื่อมต่อสัญญาณใหม่อีกครั้ง  6.5 ในกรณีที่ผู้ใช้บริการ Wi-Fi by TrueMove H ลืม Log Out หรือไม่ได้ใช้บริการติดต่อกันเกิน 10 นาที ระบบจะทำการ Log Out ให้โดยอัตโนมัติ  6.6 Concurrent ในการเชื่อมต่อสัญญาณ Wi-Fi จะมีผู้ใช้งานเพียง 1 คนต่อการใช้งานอินเทอร์เน็ต หรือ Wi-Fi ต่อครั้งเท่านั้น  7. สิทธิใด ๆ ตามที่ระบุไว้ในรายการส่งเสริมการขายนี้ไม่สามารถแลก คืน หรือเปลี่ยนเป็นเงินสดหรือของอื่นใดได้ รวมตลอดทั้งไม่สามารถโอนไปให้บุคคลหรือนิติบุคคลอื่นใดได้ด้วย  8. ผู้ใช้บริการจะไม่สามารถใช้บริการ โทรออกไปยังหมายเลขพิเศษ เช่น 1900 หรือส่งข้อความสั้น (SMS) ที่มีการคิดเงินในเชิงพาณิชย์ ใช้บริการเสริม BlackBerry ทั้งนี้ จนกว่าจะมีการแจ้งเปลี่ยนแปลง  9. หากผู้ใช้บริการกระทำการอันเป็นการอย่างใดอย่างหนึ่งดังต่อไปนี้ เรียลมูฟ ขอสงวนสิทธิในการยกเลิกการให้บริการตามสัญญาได้ทันที 9.1 กระทำการฝ่าฝืนข้อห้ามในสัญญา: หากผู้ใช้บริการกระทำผิดวัตถุประสงค์แห่งสัญญา ให้ถือเป็นการฝ่าฝืนข้อห้ามในสัญญา"วัตถุประสงค์แห่งสัญญา": ผู้ใช้บริการจะต้อง  (ก.) ใช้บริการตามรายการส่งเสริมการขายนี้เพื่อการสื่อสารเฉพาะตนโดยมีเจตนาสุจริตตามวิธีการใช้ บริการเยี่ยงปกติประเพณีของบุคคลธรรมดาทั่วไปที่จะพึงกระทำเท่านั้น มิใช่เพื่อประโยชน์ หรือสิ่งอื่นใดที่อาจถือเอาประโยชน์ได้ และจะไม่นำบริการไปใช้ในเชิงพาณิชย์หรือให้บริการต่อ  (ข.) ไม่ใช้ ไม่นำบริการมาใช้ ไม่ดัดแปลง หรือไม่กระทำการใดๆ ในเทคโนโลยีหรือระบบหรือสิ่งอื่นใดเพื่อเชื่อมต่อหรือเกี่ยวข้องกับการใช้บริการดังกล่าว รวมทั้งไม่กระทำการ อันมีลักษณะหรือคาดหมายได้หรือ เชื่อได้ว่าจะก่อให้เกิดการผิดศีลธรรมหรือเกิดความเสียหายหรือเกิดความไม่เป็นธรรมต่อเรียลมูฟ หรือบุคคลอื่นใด ทั้งในทางตรงและทางอ้อม หรือไม่ทำการรบกวน หรือก่อความไม่สะดวก หรือเป็นอันตรายต่อเครือข่าย หรือทำให้ประสิทธิภาพการปฏิบัติงานของเครือข่ายหรือส่วนใด ๆ ของเครือข่าย เกิดความขัดข้องไม่เป็นไปตามปกติ  9.2 กระทำการที่มีเหตุผลอันเชื่อได้ว่าผู้ใช้บริการทุจริตหรือมีการปลอมแปลงเอกสารในการสมัครใช้หรือรับข้อเสนอของบริการหรือมีพฤติกรรมฉ้อฉลในการใช้บริการหรือนำบริการไปใช้โดยผิดกฎหมาย  10. เรียลมูฟ ขอสงวนสิทธิที่จะแก้ไข เปลี่ยนแปลง ระงับ หรือยกเลิกได้โดยไม่ต้องแจ้งให้ทราบล่วงหน้า หากมีข้อกำหนด คำสั่ง หรือนโยบายของหน่วยงานของรัฐที่เกี่ยวข้องกำหนดให้มีการแก้ไข เปลี่ยนแปลง ระงับ หรือยกเลิกเงื่อนไขของบริการนี้หรือคำสั่งดังกล่าวเป็นการเพิ่มภาระในการดำเนินการของเรียลมูฟ  11. เว้นแต่จะได้ระบุไว้โดยชัดแจ้งเป็นอย่างอื่น เรียลมูฟขอสงวนสิทธิในการแก้ไขเปลี่ยนแปลง ระงับหรือยกเลิกข้อกำหนดนี้ได้ตามความเหมาะสมโดยจะแจ้งให้ทราบล่วงหน้าอย่างน้อย 30 วันผ่านช่องทางที่เรียลมูฟพิจารณาเห็นสมควร  12. รายการส่งเสริมการขายนี้มีระยะเวลา 12 เดือน นับตั้งแต่วันที่จดทะเบียนเปิดใช้บริการตามรายการส่งเสริมการขายนี้', NULL, '2015-06-04 04:07:28', '2015-06-04 04:07:28'),
(5, 5, '4G แพคเกต', '4G Package', 'post', 1, 'generic', 'ส่วนใหญ่ บริการขั้นสูง', 'Most Advanced Services', 'ความเร็ว ที่เร็วที่สุด ที่มี ข้อมูล เพิ่มเติม', 'Fastest Speed with More Data', '4G', 'active', '0000-00-00 00:00:00', NULL, '{"allow_mnp":"yes","allow_new_number":"yes"}', '4', '499', '499', 'ต่อเดือน', 'pre month', 'โทร|400 นาที', 'Talk|400 mins', '', '', '0 เมกกะไบร์', '0MB', '', '', '0.20 /mb', '0.20 /เมกกะบิต', 'ไม่จำกัด', 'Unlimited', '', '', '', '', '', '', '', '', '', '', 'Free Cable TV On The Go', 'Free Cable TV On The Go', 'ไม่มี', 'Not Offer', 0, '{"voice":"no","data":"yes"}', '{"charge":"\\u0e2d\\u0e31\\u0e19\\u0e14\\u0e31\\u0e1a 1 \\u0e40\\u0e23\\u0e34\\u0e48\\u0e21\\u0e15\\u0e49\\u0e19\\u0e17\\u0e35\\u0e48"}', '{"charge":"1st No. Starting at"}', '', '', '4G iSmart 499  1. รายการส่งเสริมการขายนี้สำหรับผู้สมัครใช้บริการเลขหมายใหม่โทรศัพท์เคลื่อนที่ ทรูมูฟ เอช ของบริษัท เรียล มูฟ จำกัด ("เรียลมูฟ") ในระบบรายเดือน ในนามบุคคลธรรมดา ตั้งแต่วันที่ 26 มีนาคม 2558 ถึง 30 มิถุนายน 2558 หรือจนกว่าจะมีการเปลี่ยนแปลง  2. รายละเอียดรายการส่งเสริมการขาย: อัตราค่าบริการยังไม่รวมภาษีมูลค่าเพิ่ม 2.1. รายการส่งเสริมการขาย 4G iSmart 499 สิทธิตามแพ็กเกจปกติ: คิดอัตราค่าใช้บริการเหมาจ่ายขั้นต่ำรายเดือน 499 บาท ต่อเดือน ผู้ใช้บริการจะได้รับสิทธิใช้บริการ ดังนี้  1. รับสิทธิโทรทุกเครือข่ายจำนวน 150 นาทีต่อเดือน นาทีที่ 151 เป็นต้นไป จะคิดอัตราค่าใช้บริการ เพิ่มเติมจากค่าใช้บริการเหมาจ่ายขั้นต่ำรายเดือนสำหรับการโทรทุกเครือข่ายตลอด 24 ชั่วโมง ในอัตรานาทีละ 1.25 บาท คิดตามจริงเป็นนาที เศษของนาทีคิดเป็นหนึ่งนาที  2. รับสิทธิชมรายการผ่าน ทรูวิชั่นส์ เอนิแวร์แอพพลิเคชั่นบนมือถือ เดือนละ 1 กิกะไบต์ (GB) โดยไม่เสียค่าบริการรับชมรายเดือน เป็นระยะเวลานาน 12 เดือน (รอบบิล) นับตั้งแต่ติดตั้ง ทรูวิชั่นส์ เอนิแวร์ แอพพลิเคชั่น บนมือถือ เสร็จสมบูรณ์ และตราบเท่าที่ลูกค้ายังปฏิบัติตามเงื่อนไข ในรายการส่งเสริมการขายนี้ อย่างถูกต้องและครบถ้วนี  3. รับสิทธิบริการ 4G ที่ความเร็วสูงสุด 100 เมกะบิตต่อวินาที (Mbps) และบริการ 3G/EDGE/GPRS ที่ความเร็วสูงสุด 42 เมกกะบิตต่อวินาที (Mbps) เป็นจำนวน 1.5 กิกะไบต์ (GB) หลังจากนั้น จะใช้ได้ไม่จำกัดปริมาณการใช้งานที่ความเร็วสูงสุดไม่เกิน 128 กิโลบิตต่อวินาที (Kbps) ทั้งนี้ขึ้นอยู่กับพื้นที่ให้บริการและอุปกรณ์ที่รองรับ สามารถตรวจสอบได้ที่ www.truemove-h.com/4G  4. รับสิทธิใช้บริการ Wi-Fi ที่ความเร็วสูงสุด 200 เมกกะไบต์ต่อวินาที (Mbps) ไม่จำกัดปริมาณการใช้งาน ผู้ใช้บริการสามารถตรวจสอบพื้นที่การให้บริการของ WiFi by TrueMove H ได้ที่ www.truewifi.net สิทธิพิเศษเพิ่มเติมจากสิทธิตามแพ็กเกจปกติในเดือน (รอบบิล) ที่ 1 ถึง เดือนที่ 6:  5. รับสิทธิใช้ บริการ 4G ที่ความเร็วสูงสุด 100 เมกะบิตต่อวินาที (Mbps) และบริการ 3G/EDGE/GPRS ที่ความเร็วสูงสุด 42 เมกกะบิตต่อวินาที (Mbps) ตามนโยบายการใช้งานรับส่งข้อมูลอย่างเหมาะสมของ เรียลมูฟ (Fair Usage Policy) ในปริมาณที่เพิ่มจากปริมาณปกติในแพ็กเกจอีก 1.5 กิกกะไบต์ (GB) เป็นจำนวน 3 กิกกะไบต์ (GB) เป็นระยะเวลา 6 เดือน (รอบบิล)  3. ค่าบริการส่วนเกินเหมาจ่าย คิดเพิ่มเติมจากค่าใช้บริการเหมาจ่ายขั้นต่ำรายเดือนในอัตรา ดังนี้ 3.1 โทรทุกเครือข่าย นาทีละ 1.25 บาท ตลอด 24 ชั่วโมง คิดตามจริงเป็นนาที เศษของนาทีคิดเป็นหนึ่งนาที 3.2 บริการส่งข้อความสั้น (SMS) ระหว่างโทรศัพท์เคลื่อนที่ที่ใช้และจดทะเบียนภายในประเทศ ข้อความละ 2 บาท 3.3 บริการส่งข้อความมัลติมีเดีย (MMS) ระหว่างโทรศัพท์เคลื่อนทีที่ใช้และจดทะเบียนภายในประเทศ ครั้งละ 5 บาท  4. อัตราค่าใช้บริการในข้อ 2 และข้อ 3 ทั้งหมดครอบคลุมเฉพาะค่าบริการโทรออกไปยังเลขหมายโทรศัพท์เคลื่อนที่หรือโทรศัพท์พื้นฐานที่ใช้และจดทะเบียนภายในประเทศ ค่าบริการ 3G/EDGE/GPRS และค่าบริการเสริมตามประเภทและอัตราตามที่ระบุไว้เท่านั้น ไม่รวมถึงค่าบริการอื่นๆ เช่น บริการดาวน์โหลดข้อมูลเนื้อหาต่างๆ, ค่าบริการข่าวสารข้อมูล, ค่าบริการโทรศัพท์ระหว่างประเทศ, ค่าโทรศัพท์ข้ามแดนและบริการเสริมอื่นๆ  5. อัตราค่าใช้บริการข้างต้นทั้งหมดยังไม่รวมภาษีมูลค่าเพิ่ม  6. เงื่อนไขการใช้บริการ Wi-Fi by TrueMove H 6.1 ผู้ใช้บริการสามารถใช้เลขหมายโทรศัพท์เคลื่อนที่ ทรูมูฟ เอช ของผู้ใช้บริการเป็นชื่อ username ตามด้วยโดเมนเนม@TrueMoveH (08xxxxxxxx@truemoveH) และทางระบบจะจัดส่ง password ให้ผู้ใช้บริการผ่านทาง SMS ในการเชื่อมต่ออินเทอร์เน็ต  6.2 ผู้ใช้บริการจะได้รับ username และ password ของ Wi-Fi by TrueMove H ของบริษัท ทรู อินเทอร์เน็ต จำกัด (“ทรู อินเทอร์เน็ต”) หลังจากที่ได้เริ่มใช้บริการ ภายใน 1 ชั่วโมงโดยอัตโนมัติ  6.3 หากผู้ใช้บริการลืม password ของ Wi-Fi by TrueMove H สามารถขอรับ password ใหม่ได้ โดยติดต่อ ทรูมูฟ เอช แคร์ 1331 หรือผ่านช่องทางที่เรียลมูฟ กำหนดให้  6.4 ในระหว่างการให้บริการ Wi-Fi by TrueMove H ทรู อินเทอร์เน็ต มีความจำเป็นต้องตัดระบบการเชื่อมต่ออินเทอร์เน็ต (Session time out) ทุก ๆ 90 นาที เพื่อตรวจสอบ และบันทึกปริมาณการใช้งาน หลังจากการตัดการใช้งานนี้แล้วหากต้องการใช้งานต่อ ผู้ใช้บริการจะต้องปิด และเปิดการเชื่อมต่อสัญญาณใหม่อีกครั้ง  6.5 ในกรณีที่ผู้ใช้บริการ Wi-Fi by TrueMove H ลืม Log Out หรือไม่ได้ใช้บริการติดต่อกันเกิน 10 นาที ระบบจะทำการ Log Out ให้โดยอัตโนมัติ  6.6 Concurrent ในการเชื่อมต่อสัญญาณ Wi-Fi จะมีผู้ใช้งานเพียง 1 คนต่อการใช้งานอินเทอร์เน็ต หรือ Wi-Fi ต่อครั้งเท่านั้น  7. สิทธิใด ๆ ตามที่ระบุไว้ในรายการส่งเสริมการขายนี้ไม่สามารถแลก คืน หรือเปลี่ยนเป็นเงินสดหรือของอื่นใดได้ รวมตลอดทั้งไม่สามารถโอนไปให้บุคคลหรือนิติบุคคลอื่นใดได้ด้วย  8. ผู้ใช้บริการจะไม่สามารถใช้บริการ โทรออกไปยังหมายเลขพิเศษ เช่น 1900 หรือส่งข้อความสั้น (SMS) ที่มีการคิดเงินในเชิงพาณิชย์ ใช้บริการเสริม BlackBerry ทั้งนี้ จนกว่าจะมีการแจ้งเปลี่ยนแปลง  9. หากผู้ใช้บริการกระทำการอันเป็นการอย่างใดอย่างหนึ่งดังต่อไปนี้ เรียลมูฟ ขอสงวนสิทธิในการยกเลิกการให้บริการตามสัญญาได้ทันที 9.1 กระทำการฝ่าฝืนข้อห้ามในสัญญา: หากผู้ใช้บริการกระทำผิดวัตถุประสงค์แห่งสัญญา ให้ถือเป็นการฝ่าฝืนข้อห้ามในสัญญา"วัตถุประสงค์แห่งสัญญา": ผู้ใช้บริการจะต้อง  (ก.) ใช้บริการตามรายการส่งเสริมการขายนี้เพื่อการสื่อสารเฉพาะตนโดยมีเจตนาสุจริตตามวิธีการใช้ บริการเยี่ยงปกติประเพณีของบุคคลธรรมดาทั่วไปที่จะพึงกระทำเท่านั้น มิใช่เพื่อประโยชน์ หรือสิ่งอื่นใดที่อาจถือเอาประโยชน์ได้ และจะไม่นำบริการไปใช้ในเชิงพาณิชย์หรือให้บริการต่อ  (ข.) ไม่ใช้ ไม่นำบริการมาใช้ ไม่ดัดแปลง หรือไม่กระทำการใดๆ ในเทคโนโลยีหรือระบบหรือสิ่งอื่นใดเพื่อเชื่อมต่อหรือเกี่ยวข้องกับการใช้บริการดังกล่าว รวมทั้งไม่กระทำการ อันมีลักษณะหรือคาดหมายได้หรือ เชื่อได้ว่าจะก่อให้เกิดการผิดศีลธรรมหรือเกิดความเสียหายหรือเกิดความไม่เป็นธรรมต่อเรียลมูฟ หรือบุคคลอื่นใด ทั้งในทางตรงและทางอ้อม หรือไม่ทำการรบกวน หรือก่อความไม่สะดวก หรือเป็นอันตรายต่อเครือข่าย หรือทำให้ประสิทธิภาพการปฏิบัติงานของเครือข่ายหรือส่วนใด ๆ ของเครือข่าย เกิดความขัดข้องไม่เป็นไปตามปกติ  9.2 กระทำการที่มีเหตุผลอันเชื่อได้ว่าผู้ใช้บริการทุจริตหรือมีการปลอมแปลงเอกสารในการสมัครใช้หรือรับข้อเสนอของบริการหรือมีพฤติกรรมฉ้อฉลในการใช้บริการหรือนำบริการไปใช้โดยผิดกฎหมาย  10. เรียลมูฟ ขอสงวนสิทธิที่จะแก้ไข เปลี่ยนแปลง ระงับ หรือยกเลิกได้โดยไม่ต้องแจ้งให้ทราบล่วงหน้า หากมีข้อกำหนด คำสั่ง หรือนโยบายของหน่วยงานของรัฐที่เกี่ยวข้องกำหนดให้มีการแก้ไข เปลี่ยนแปลง ระงับ หรือยกเลิกเงื่อนไขของบริการนี้หรือคำสั่งดังกล่าวเป็นการเพิ่มภาระในการดำเนินการของเรียลมูฟ  11. เว้นแต่จะได้ระบุไว้โดยชัดแจ้งเป็นอย่างอื่น เรียลมูฟขอสงวนสิทธิในการแก้ไขเปลี่ยนแปลง ระงับหรือยกเลิกข้อกำหนดนี้ได้ตามความเหมาะสมโดยจะแจ้งให้ทราบล่วงหน้าอย่างน้อย 30 วันผ่านช่องทางที่เรียลมูฟพิจารณาเห็นสมควร  12. รายการส่งเสริมการขายนี้มีระยะเวลา 12 เดือน นับตั้งแต่วันที่จดทะเบียนเปิดใช้บริการตามรายการส่งเสริมการขายนี้', '4G iSmart 499  1. รายการส่งเสริมการขายนี้สำหรับผู้สมัครใช้บริการเลขหมายใหม่โทรศัพท์เคลื่อนที่ ทรูมูฟ เอช ของบริษัท เรียล มูฟ จำกัด ("เรียลมูฟ") ในระบบรายเดือน ในนามบุคคลธรรมดา ตั้งแต่วันที่ 26 มีนาคม 2558 ถึง 30 มิถุนายน 2558 หรือจนกว่าจะมีการเปลี่ยนแปลง  2. รายละเอียดรายการส่งเสริมการขาย: อัตราค่าบริการยังไม่รวมภาษีมูลค่าเพิ่ม 2.1. รายการส่งเสริมการขาย 4G iSmart 499 สิทธิตามแพ็กเกจปกติ: คิดอัตราค่าใช้บริการเหมาจ่ายขั้นต่ำรายเดือน 499 บาท ต่อเดือน ผู้ใช้บริการจะได้รับสิทธิใช้บริการ ดังนี้  1. รับสิทธิโทรทุกเครือข่ายจำนวน 150 นาทีต่อเดือน นาทีที่ 151 เป็นต้นไป จะคิดอัตราค่าใช้บริการ เพิ่มเติมจากค่าใช้บริการเหมาจ่ายขั้นต่ำรายเดือนสำหรับการโทรทุกเครือข่ายตลอด 24 ชั่วโมง ในอัตรานาทีละ 1.25 บาท คิดตามจริงเป็นนาที เศษของนาทีคิดเป็นหนึ่งนาที  2. รับสิทธิชมรายการผ่าน ทรูวิชั่นส์ เอนิแวร์แอพพลิเคชั่นบนมือถือ เดือนละ 1 กิกะไบต์ (GB) โดยไม่เสียค่าบริการรับชมรายเดือน เป็นระยะเวลานาน 12 เดือน (รอบบิล) นับตั้งแต่ติดตั้ง ทรูวิชั่นส์ เอนิแวร์ แอพพลิเคชั่น บนมือถือ เสร็จสมบูรณ์ และตราบเท่าที่ลูกค้ายังปฏิบัติตามเงื่อนไข ในรายการส่งเสริมการขายนี้ อย่างถูกต้องและครบถ้วนี  3. รับสิทธิบริการ 4G ที่ความเร็วสูงสุด 100 เมกะบิตต่อวินาที (Mbps) และบริการ 3G/EDGE/GPRS ที่ความเร็วสูงสุด 42 เมกกะบิตต่อวินาที (Mbps) เป็นจำนวน 1.5 กิกะไบต์ (GB) หลังจากนั้น จะใช้ได้ไม่จำกัดปริมาณการใช้งานที่ความเร็วสูงสุดไม่เกิน 128 กิโลบิตต่อวินาที (Kbps) ทั้งนี้ขึ้นอยู่กับพื้นที่ให้บริการและอุปกรณ์ที่รองรับ สามารถตรวจสอบได้ที่ www.truemove-h.com/4G  4. รับสิทธิใช้บริการ Wi-Fi ที่ความเร็วสูงสุด 200 เมกกะไบต์ต่อวินาที (Mbps) ไม่จำกัดปริมาณการใช้งาน ผู้ใช้บริการสามารถตรวจสอบพื้นที่การให้บริการของ WiFi by TrueMove H ได้ที่ www.truewifi.net สิทธิพิเศษเพิ่มเติมจากสิทธิตามแพ็กเกจปกติในเดือน (รอบบิล) ที่ 1 ถึง เดือนที่ 6:  5. รับสิทธิใช้ บริการ 4G ที่ความเร็วสูงสุด 100 เมกะบิตต่อวินาที (Mbps) และบริการ 3G/EDGE/GPRS ที่ความเร็วสูงสุด 42 เมกกะบิตต่อวินาที (Mbps) ตามนโยบายการใช้งานรับส่งข้อมูลอย่างเหมาะสมของ เรียลมูฟ (Fair Usage Policy) ในปริมาณที่เพิ่มจากปริมาณปกติในแพ็กเกจอีก 1.5 กิกกะไบต์ (GB) เป็นจำนวน 3 กิกกะไบต์ (GB) เป็นระยะเวลา 6 เดือน (รอบบิล)  3. ค่าบริการส่วนเกินเหมาจ่าย คิดเพิ่มเติมจากค่าใช้บริการเหมาจ่ายขั้นต่ำรายเดือนในอัตรา ดังนี้ 3.1 โทรทุกเครือข่าย นาทีละ 1.25 บาท ตลอด 24 ชั่วโมง คิดตามจริงเป็นนาที เศษของนาทีคิดเป็นหนึ่งนาที 3.2 บริการส่งข้อความสั้น (SMS) ระหว่างโทรศัพท์เคลื่อนที่ที่ใช้และจดทะเบียนภายในประเทศ ข้อความละ 2 บาท 3.3 บริการส่งข้อความมัลติมีเดีย (MMS) ระหว่างโทรศัพท์เคลื่อนทีที่ใช้และจดทะเบียนภายในประเทศ ครั้งละ 5 บาท  4. อัตราค่าใช้บริการในข้อ 2 และข้อ 3 ทั้งหมดครอบคลุมเฉพาะค่าบริการโทรออกไปยังเลขหมายโทรศัพท์เคลื่อนที่หรือโทรศัพท์พื้นฐานที่ใช้และจดทะเบียนภายในประเทศ ค่าบริการ 3G/EDGE/GPRS และค่าบริการเสริมตามประเภทและอัตราตามที่ระบุไว้เท่านั้น ไม่รวมถึงค่าบริการอื่นๆ เช่น บริการดาวน์โหลดข้อมูลเนื้อหาต่างๆ, ค่าบริการข่าวสารข้อมูล, ค่าบริการโทรศัพท์ระหว่างประเทศ, ค่าโทรศัพท์ข้ามแดนและบริการเสริมอื่นๆ  5. อัตราค่าใช้บริการข้างต้นทั้งหมดยังไม่รวมภาษีมูลค่าเพิ่ม  6. เงื่อนไขการใช้บริการ Wi-Fi by TrueMove H 6.1 ผู้ใช้บริการสามารถใช้เลขหมายโทรศัพท์เคลื่อนที่ ทรูมูฟ เอช ของผู้ใช้บริการเป็นชื่อ username ตามด้วยโดเมนเนม@TrueMoveH (08xxxxxxxx@truemoveH) และทางระบบจะจัดส่ง password ให้ผู้ใช้บริการผ่านทาง SMS ในการเชื่อมต่ออินเทอร์เน็ต  6.2 ผู้ใช้บริการจะได้รับ username และ password ของ Wi-Fi by TrueMove H ของบริษัท ทรู อินเทอร์เน็ต จำกัด (“ทรู อินเทอร์เน็ต”) หลังจากที่ได้เริ่มใช้บริการ ภายใน 1 ชั่วโมงโดยอัตโนมัติ  6.3 หากผู้ใช้บริการลืม password ของ Wi-Fi by TrueMove H สามารถขอรับ password ใหม่ได้ โดยติดต่อ ทรูมูฟ เอช แคร์ 1331 หรือผ่านช่องทางที่เรียลมูฟ กำหนดให้  6.4 ในระหว่างการให้บริการ Wi-Fi by TrueMove H ทรู อินเทอร์เน็ต มีความจำเป็นต้องตัดระบบการเชื่อมต่ออินเทอร์เน็ต (Session time out) ทุก ๆ 90 นาที เพื่อตรวจสอบ และบันทึกปริมาณการใช้งาน หลังจากการตัดการใช้งานนี้แล้วหากต้องการใช้งานต่อ ผู้ใช้บริการจะต้องปิด และเปิดการเชื่อมต่อสัญญาณใหม่อีกครั้ง  6.5 ในกรณีที่ผู้ใช้บริการ Wi-Fi by TrueMove H ลืม Log Out หรือไม่ได้ใช้บริการติดต่อกันเกิน 10 นาที ระบบจะทำการ Log Out ให้โดยอัตโนมัติ  6.6 Concurrent ในการเชื่อมต่อสัญญาณ Wi-Fi จะมีผู้ใช้งานเพียง 1 คนต่อการใช้งานอินเทอร์เน็ต หรือ Wi-Fi ต่อครั้งเท่านั้น  7. สิทธิใด ๆ ตามที่ระบุไว้ในรายการส่งเสริมการขายนี้ไม่สามารถแลก คืน หรือเปลี่ยนเป็นเงินสดหรือของอื่นใดได้ รวมตลอดทั้งไม่สามารถโอนไปให้บุคคลหรือนิติบุคคลอื่นใดได้ด้วย  8. ผู้ใช้บริการจะไม่สามารถใช้บริการ โทรออกไปยังหมายเลขพิเศษ เช่น 1900 หรือส่งข้อความสั้น (SMS) ที่มีการคิดเงินในเชิงพาณิชย์ ใช้บริการเสริม BlackBerry ทั้งนี้ จนกว่าจะมีการแจ้งเปลี่ยนแปลง  9. หากผู้ใช้บริการกระทำการอันเป็นการอย่างใดอย่างหนึ่งดังต่อไปนี้ เรียลมูฟ ขอสงวนสิทธิในการยกเลิกการให้บริการตามสัญญาได้ทันที 9.1 กระทำการฝ่าฝืนข้อห้ามในสัญญา: หากผู้ใช้บริการกระทำผิดวัตถุประสงค์แห่งสัญญา ให้ถือเป็นการฝ่าฝืนข้อห้ามในสัญญา"วัตถุประสงค์แห่งสัญญา": ผู้ใช้บริการจะต้อง  (ก.) ใช้บริการตามรายการส่งเสริมการขายนี้เพื่อการสื่อสารเฉพาะตนโดยมีเจตนาสุจริตตามวิธีการใช้ บริการเยี่ยงปกติประเพณีของบุคคลธรรมดาทั่วไปที่จะพึงกระทำเท่านั้น มิใช่เพื่อประโยชน์ หรือสิ่งอื่นใดที่อาจถือเอาประโยชน์ได้ และจะไม่นำบริการไปใช้ในเชิงพาณิชย์หรือให้บริการต่อ  (ข.) ไม่ใช้ ไม่นำบริการมาใช้ ไม่ดัดแปลง หรือไม่กระทำการใดๆ ในเทคโนโลยีหรือระบบหรือสิ่งอื่นใดเพื่อเชื่อมต่อหรือเกี่ยวข้องกับการใช้บริการดังกล่าว รวมทั้งไม่กระทำการ อันมีลักษณะหรือคาดหมายได้หรือ เชื่อได้ว่าจะก่อให้เกิดการผิดศีลธรรมหรือเกิดความเสียหายหรือเกิดความไม่เป็นธรรมต่อเรียลมูฟ หรือบุคคลอื่นใด ทั้งในทางตรงและทางอ้อม หรือไม่ทำการรบกวน หรือก่อความไม่สะดวก หรือเป็นอันตรายต่อเครือข่าย หรือทำให้ประสิทธิภาพการปฏิบัติงานของเครือข่ายหรือส่วนใด ๆ ของเครือข่าย เกิดความขัดข้องไม่เป็นไปตามปกติ  9.2 กระทำการที่มีเหตุผลอันเชื่อได้ว่าผู้ใช้บริการทุจริตหรือมีการปลอมแปลงเอกสารในการสมัครใช้หรือรับข้อเสนอของบริการหรือมีพฤติกรรมฉ้อฉลในการใช้บริการหรือนำบริการไปใช้โดยผิดกฎหมาย  10. เรียลมูฟ ขอสงวนสิทธิที่จะแก้ไข เปลี่ยนแปลง ระงับ หรือยกเลิกได้โดยไม่ต้องแจ้งให้ทราบล่วงหน้า หากมีข้อกำหนด คำสั่ง หรือนโยบายของหน่วยงานของรัฐที่เกี่ยวข้องกำหนดให้มีการแก้ไข เปลี่ยนแปลง ระงับ หรือยกเลิกเงื่อนไขของบริการนี้หรือคำสั่งดังกล่าวเป็นการเพิ่มภาระในการดำเนินการของเรียลมูฟ  11. เว้นแต่จะได้ระบุไว้โดยชัดแจ้งเป็นอย่างอื่น เรียลมูฟขอสงวนสิทธิในการแก้ไขเปลี่ยนแปลง ระงับหรือยกเลิกข้อกำหนดนี้ได้ตามความเหมาะสมโดยจะแจ้งให้ทราบล่วงหน้าอย่างน้อย 30 วันผ่านช่องทางที่เรียลมูฟพิจารณาเห็นสมควร  12. รายการส่งเสริมการขายนี้มีระยะเวลา 12 เดือน นับตั้งแต่วันที่จดทะเบียนเปิดใช้บริการตามรายการส่งเสริมการขายนี้', NULL, '2015-06-04 04:07:31', '2015-06-04 04:07:31'),
(6, 5, '4G แพคเกต', '4G Package', 'post', 1, 'generic', 'ส่วนใหญ่ บริการขั้นสูง', 'Most Advanced Services', 'ความเร็ว ที่เร็วที่สุด ที่มี ข้อมูล เพิ่มเติม', 'Fastest Speed with More Data', '4G', 'active', '0000-00-00 00:00:00', NULL, '{"allow_mnp":"yes","allow_new_number":"yes"}', '5', '499', '499', 'ต่อเดือน', 'pre month', 'โทร|400 นาที', 'Talk|400 mins', '', '', '0 เมกกะไบร์', '0MB', '', '', '0.20 /mb', '0.20 /เมกกะบิต', 'ไม่จำกัด', 'Unlimited', '', '', '', '', '', '', '', '', '', '', 'Free Cable TV On The Go', 'Free Cable TV On The Go', 'ไม่มี', 'Not Offer', 0, '{"voice":"no","data":"yes"}', '{"charge":"\\u0e2d\\u0e31\\u0e19\\u0e14\\u0e31\\u0e1a 1 \\u0e40\\u0e23\\u0e34\\u0e48\\u0e21\\u0e15\\u0e49\\u0e19\\u0e17\\u0e35\\u0e48"}', '{"charge":"1st No. Starting at"}', '', '', '4G iSmart 499  1. รายการส่งเสริมการขายนี้สำหรับผู้สมัครใช้บริการเลขหมายใหม่โทรศัพท์เคลื่อนที่ ทรูมูฟ เอช ของบริษัท เรียล มูฟ จำกัด ("เรียลมูฟ") ในระบบรายเดือน ในนามบุคคลธรรมดา ตั้งแต่วันที่ 26 มีนาคม 2558 ถึง 30 มิถุนายน 2558 หรือจนกว่าจะมีการเปลี่ยนแปลง  2. รายละเอียดรายการส่งเสริมการขาย: อัตราค่าบริการยังไม่รวมภาษีมูลค่าเพิ่ม 2.1. รายการส่งเสริมการขาย 4G iSmart 499 สิทธิตามแพ็กเกจปกติ: คิดอัตราค่าใช้บริการเหมาจ่ายขั้นต่ำรายเดือน 499 บาท ต่อเดือน ผู้ใช้บริการจะได้รับสิทธิใช้บริการ ดังนี้  1. รับสิทธิโทรทุกเครือข่ายจำนวน 150 นาทีต่อเดือน นาทีที่ 151 เป็นต้นไป จะคิดอัตราค่าใช้บริการ เพิ่มเติมจากค่าใช้บริการเหมาจ่ายขั้นต่ำรายเดือนสำหรับการโทรทุกเครือข่ายตลอด 24 ชั่วโมง ในอัตรานาทีละ 1.25 บาท คิดตามจริงเป็นนาที เศษของนาทีคิดเป็นหนึ่งนาที  2. รับสิทธิชมรายการผ่าน ทรูวิชั่นส์ เอนิแวร์แอพพลิเคชั่นบนมือถือ เดือนละ 1 กิกะไบต์ (GB) โดยไม่เสียค่าบริการรับชมรายเดือน เป็นระยะเวลานาน 12 เดือน (รอบบิล) นับตั้งแต่ติดตั้ง ทรูวิชั่นส์ เอนิแวร์ แอพพลิเคชั่น บนมือถือ เสร็จสมบูรณ์ และตราบเท่าที่ลูกค้ายังปฏิบัติตามเงื่อนไข ในรายการส่งเสริมการขายนี้ อย่างถูกต้องและครบถ้วนี  3. รับสิทธิบริการ 4G ที่ความเร็วสูงสุด 100 เมกะบิตต่อวินาที (Mbps) และบริการ 3G/EDGE/GPRS ที่ความเร็วสูงสุด 42 เมกกะบิตต่อวินาที (Mbps) เป็นจำนวน 1.5 กิกะไบต์ (GB) หลังจากนั้น จะใช้ได้ไม่จำกัดปริมาณการใช้งานที่ความเร็วสูงสุดไม่เกิน 128 กิโลบิตต่อวินาที (Kbps) ทั้งนี้ขึ้นอยู่กับพื้นที่ให้บริการและอุปกรณ์ที่รองรับ สามารถตรวจสอบได้ที่ www.truemove-h.com/4G  4. รับสิทธิใช้บริการ Wi-Fi ที่ความเร็วสูงสุด 200 เมกกะไบต์ต่อวินาที (Mbps) ไม่จำกัดปริมาณการใช้งาน ผู้ใช้บริการสามารถตรวจสอบพื้นที่การให้บริการของ WiFi by TrueMove H ได้ที่ www.truewifi.net สิทธิพิเศษเพิ่มเติมจากสิทธิตามแพ็กเกจปกติในเดือน (รอบบิล) ที่ 1 ถึง เดือนที่ 6:  5. รับสิทธิใช้ บริการ 4G ที่ความเร็วสูงสุด 100 เมกะบิตต่อวินาที (Mbps) และบริการ 3G/EDGE/GPRS ที่ความเร็วสูงสุด 42 เมกกะบิตต่อวินาที (Mbps) ตามนโยบายการใช้งานรับส่งข้อมูลอย่างเหมาะสมของ เรียลมูฟ (Fair Usage Policy) ในปริมาณที่เพิ่มจากปริมาณปกติในแพ็กเกจอีก 1.5 กิกกะไบต์ (GB) เป็นจำนวน 3 กิกกะไบต์ (GB) เป็นระยะเวลา 6 เดือน (รอบบิล)  3. ค่าบริการส่วนเกินเหมาจ่าย คิดเพิ่มเติมจากค่าใช้บริการเหมาจ่ายขั้นต่ำรายเดือนในอัตรา ดังนี้ 3.1 โทรทุกเครือข่าย นาทีละ 1.25 บาท ตลอด 24 ชั่วโมง คิดตามจริงเป็นนาที เศษของนาทีคิดเป็นหนึ่งนาที 3.2 บริการส่งข้อความสั้น (SMS) ระหว่างโทรศัพท์เคลื่อนที่ที่ใช้และจดทะเบียนภายในประเทศ ข้อความละ 2 บาท 3.3 บริการส่งข้อความมัลติมีเดีย (MMS) ระหว่างโทรศัพท์เคลื่อนทีที่ใช้และจดทะเบียนภายในประเทศ ครั้งละ 5 บาท  4. อัตราค่าใช้บริการในข้อ 2 และข้อ 3 ทั้งหมดครอบคลุมเฉพาะค่าบริการโทรออกไปยังเลขหมายโทรศัพท์เคลื่อนที่หรือโทรศัพท์พื้นฐานที่ใช้และจดทะเบียนภายในประเทศ ค่าบริการ 3G/EDGE/GPRS และค่าบริการเสริมตามประเภทและอัตราตามที่ระบุไว้เท่านั้น ไม่รวมถึงค่าบริการอื่นๆ เช่น บริการดาวน์โหลดข้อมูลเนื้อหาต่างๆ, ค่าบริการข่าวสารข้อมูล, ค่าบริการโทรศัพท์ระหว่างประเทศ, ค่าโทรศัพท์ข้ามแดนและบริการเสริมอื่นๆ  5. อัตราค่าใช้บริการข้างต้นทั้งหมดยังไม่รวมภาษีมูลค่าเพิ่ม  6. เงื่อนไขการใช้บริการ Wi-Fi by TrueMove H 6.1 ผู้ใช้บริการสามารถใช้เลขหมายโทรศัพท์เคลื่อนที่ ทรูมูฟ เอช ของผู้ใช้บริการเป็นชื่อ username ตามด้วยโดเมนเนม@TrueMoveH (08xxxxxxxx@truemoveH) และทางระบบจะจัดส่ง password ให้ผู้ใช้บริการผ่านทาง SMS ในการเชื่อมต่ออินเทอร์เน็ต  6.2 ผู้ใช้บริการจะได้รับ username และ password ของ Wi-Fi by TrueMove H ของบริษัท ทรู อินเทอร์เน็ต จำกัด (“ทรู อินเทอร์เน็ต”) หลังจากที่ได้เริ่มใช้บริการ ภายใน 1 ชั่วโมงโดยอัตโนมัติ  6.3 หากผู้ใช้บริการลืม password ของ Wi-Fi by TrueMove H สามารถขอรับ password ใหม่ได้ โดยติดต่อ ทรูมูฟ เอช แคร์ 1331 หรือผ่านช่องทางที่เรียลมูฟ กำหนดให้  6.4 ในระหว่างการให้บริการ Wi-Fi by TrueMove H ทรู อินเทอร์เน็ต มีความจำเป็นต้องตัดระบบการเชื่อมต่ออินเทอร์เน็ต (Session time out) ทุก ๆ 90 นาที เพื่อตรวจสอบ และบันทึกปริมาณการใช้งาน หลังจากการตัดการใช้งานนี้แล้วหากต้องการใช้งานต่อ ผู้ใช้บริการจะต้องปิด และเปิดการเชื่อมต่อสัญญาณใหม่อีกครั้ง  6.5 ในกรณีที่ผู้ใช้บริการ Wi-Fi by TrueMove H ลืม Log Out หรือไม่ได้ใช้บริการติดต่อกันเกิน 10 นาที ระบบจะทำการ Log Out ให้โดยอัตโนมัติ  6.6 Concurrent ในการเชื่อมต่อสัญญาณ Wi-Fi จะมีผู้ใช้งานเพียง 1 คนต่อการใช้งานอินเทอร์เน็ต หรือ Wi-Fi ต่อครั้งเท่านั้น  7. สิทธิใด ๆ ตามที่ระบุไว้ในรายการส่งเสริมการขายนี้ไม่สามารถแลก คืน หรือเปลี่ยนเป็นเงินสดหรือของอื่นใดได้ รวมตลอดทั้งไม่สามารถโอนไปให้บุคคลหรือนิติบุคคลอื่นใดได้ด้วย  8. ผู้ใช้บริการจะไม่สามารถใช้บริการ โทรออกไปยังหมายเลขพิเศษ เช่น 1900 หรือส่งข้อความสั้น (SMS) ที่มีการคิดเงินในเชิงพาณิชย์ ใช้บริการเสริม BlackBerry ทั้งนี้ จนกว่าจะมีการแจ้งเปลี่ยนแปลง  9. หากผู้ใช้บริการกระทำการอันเป็นการอย่างใดอย่างหนึ่งดังต่อไปนี้ เรียลมูฟ ขอสงวนสิทธิในการยกเลิกการให้บริการตามสัญญาได้ทันที 9.1 กระทำการฝ่าฝืนข้อห้ามในสัญญา: หากผู้ใช้บริการกระทำผิดวัตถุประสงค์แห่งสัญญา ให้ถือเป็นการฝ่าฝืนข้อห้ามในสัญญา"วัตถุประสงค์แห่งสัญญา": ผู้ใช้บริการจะต้อง  (ก.) ใช้บริการตามรายการส่งเสริมการขายนี้เพื่อการสื่อสารเฉพาะตนโดยมีเจตนาสุจริตตามวิธีการใช้ บริการเยี่ยงปกติประเพณีของบุคคลธรรมดาทั่วไปที่จะพึงกระทำเท่านั้น มิใช่เพื่อประโยชน์ หรือสิ่งอื่นใดที่อาจถือเอาประโยชน์ได้ และจะไม่นำบริการไปใช้ในเชิงพาณิชย์หรือให้บริการต่อ  (ข.) ไม่ใช้ ไม่นำบริการมาใช้ ไม่ดัดแปลง หรือไม่กระทำการใดๆ ในเทคโนโลยีหรือระบบหรือสิ่งอื่นใดเพื่อเชื่อมต่อหรือเกี่ยวข้องกับการใช้บริการดังกล่าว รวมทั้งไม่กระทำการ อันมีลักษณะหรือคาดหมายได้หรือ เชื่อได้ว่าจะก่อให้เกิดการผิดศีลธรรมหรือเกิดความเสียหายหรือเกิดความไม่เป็นธรรมต่อเรียลมูฟ หรือบุคคลอื่นใด ทั้งในทางตรงและทางอ้อม หรือไม่ทำการรบกวน หรือก่อความไม่สะดวก หรือเป็นอันตรายต่อเครือข่าย หรือทำให้ประสิทธิภาพการปฏิบัติงานของเครือข่ายหรือส่วนใด ๆ ของเครือข่าย เกิดความขัดข้องไม่เป็นไปตามปกติ  9.2 กระทำการที่มีเหตุผลอันเชื่อได้ว่าผู้ใช้บริการทุจริตหรือมีการปลอมแปลงเอกสารในการสมัครใช้หรือรับข้อเสนอของบริการหรือมีพฤติกรรมฉ้อฉลในการใช้บริการหรือนำบริการไปใช้โดยผิดกฎหมาย  10. เรียลมูฟ ขอสงวนสิทธิที่จะแก้ไข เปลี่ยนแปลง ระงับ หรือยกเลิกได้โดยไม่ต้องแจ้งให้ทราบล่วงหน้า หากมีข้อกำหนด คำสั่ง หรือนโยบายของหน่วยงานของรัฐที่เกี่ยวข้องกำหนดให้มีการแก้ไข เปลี่ยนแปลง ระงับ หรือยกเลิกเงื่อนไขของบริการนี้หรือคำสั่งดังกล่าวเป็นการเพิ่มภาระในการดำเนินการของเรียลมูฟ  11. เว้นแต่จะได้ระบุไว้โดยชัดแจ้งเป็นอย่างอื่น เรียลมูฟขอสงวนสิทธิในการแก้ไขเปลี่ยนแปลง ระงับหรือยกเลิกข้อกำหนดนี้ได้ตามความเหมาะสมโดยจะแจ้งให้ทราบล่วงหน้าอย่างน้อย 30 วันผ่านช่องทางที่เรียลมูฟพิจารณาเห็นสมควร  12. รายการส่งเสริมการขายนี้มีระยะเวลา 12 เดือน นับตั้งแต่วันที่จดทะเบียนเปิดใช้บริการตามรายการส่งเสริมการขายนี้', '4G iSmart 499  1. รายการส่งเสริมการขายนี้สำหรับผู้สมัครใช้บริการเลขหมายใหม่โทรศัพท์เคลื่อนที่ ทรูมูฟ เอช ของบริษัท เรียล มูฟ จำกัด ("เรียลมูฟ") ในระบบรายเดือน ในนามบุคคลธรรมดา ตั้งแต่วันที่ 26 มีนาคม 2558 ถึง 30 มิถุนายน 2558 หรือจนกว่าจะมีการเปลี่ยนแปลง  2. รายละเอียดรายการส่งเสริมการขาย: อัตราค่าบริการยังไม่รวมภาษีมูลค่าเพิ่ม 2.1. รายการส่งเสริมการขาย 4G iSmart 499 สิทธิตามแพ็กเกจปกติ: คิดอัตราค่าใช้บริการเหมาจ่ายขั้นต่ำรายเดือน 499 บาท ต่อเดือน ผู้ใช้บริการจะได้รับสิทธิใช้บริการ ดังนี้  1. รับสิทธิโทรทุกเครือข่ายจำนวน 150 นาทีต่อเดือน นาทีที่ 151 เป็นต้นไป จะคิดอัตราค่าใช้บริการ เพิ่มเติมจากค่าใช้บริการเหมาจ่ายขั้นต่ำรายเดือนสำหรับการโทรทุกเครือข่ายตลอด 24 ชั่วโมง ในอัตรานาทีละ 1.25 บาท คิดตามจริงเป็นนาที เศษของนาทีคิดเป็นหนึ่งนาที  2. รับสิทธิชมรายการผ่าน ทรูวิชั่นส์ เอนิแวร์แอพพลิเคชั่นบนมือถือ เดือนละ 1 กิกะไบต์ (GB) โดยไม่เสียค่าบริการรับชมรายเดือน เป็นระยะเวลานาน 12 เดือน (รอบบิล) นับตั้งแต่ติดตั้ง ทรูวิชั่นส์ เอนิแวร์ แอพพลิเคชั่น บนมือถือ เสร็จสมบูรณ์ และตราบเท่าที่ลูกค้ายังปฏิบัติตามเงื่อนไข ในรายการส่งเสริมการขายนี้ อย่างถูกต้องและครบถ้วนี  3. รับสิทธิบริการ 4G ที่ความเร็วสูงสุด 100 เมกะบิตต่อวินาที (Mbps) และบริการ 3G/EDGE/GPRS ที่ความเร็วสูงสุด 42 เมกกะบิตต่อวินาที (Mbps) เป็นจำนวน 1.5 กิกะไบต์ (GB) หลังจากนั้น จะใช้ได้ไม่จำกัดปริมาณการใช้งานที่ความเร็วสูงสุดไม่เกิน 128 กิโลบิตต่อวินาที (Kbps) ทั้งนี้ขึ้นอยู่กับพื้นที่ให้บริการและอุปกรณ์ที่รองรับ สามารถตรวจสอบได้ที่ www.truemove-h.com/4G  4. รับสิทธิใช้บริการ Wi-Fi ที่ความเร็วสูงสุด 200 เมกกะไบต์ต่อวินาที (Mbps) ไม่จำกัดปริมาณการใช้งาน ผู้ใช้บริการสามารถตรวจสอบพื้นที่การให้บริการของ WiFi by TrueMove H ได้ที่ www.truewifi.net สิทธิพิเศษเพิ่มเติมจากสิทธิตามแพ็กเกจปกติในเดือน (รอบบิล) ที่ 1 ถึง เดือนที่ 6:  5. รับสิทธิใช้ บริการ 4G ที่ความเร็วสูงสุด 100 เมกะบิตต่อวินาที (Mbps) และบริการ 3G/EDGE/GPRS ที่ความเร็วสูงสุด 42 เมกกะบิตต่อวินาที (Mbps) ตามนโยบายการใช้งานรับส่งข้อมูลอย่างเหมาะสมของ เรียลมูฟ (Fair Usage Policy) ในปริมาณที่เพิ่มจากปริมาณปกติในแพ็กเกจอีก 1.5 กิกกะไบต์ (GB) เป็นจำนวน 3 กิกกะไบต์ (GB) เป็นระยะเวลา 6 เดือน (รอบบิล)  3. ค่าบริการส่วนเกินเหมาจ่าย คิดเพิ่มเติมจากค่าใช้บริการเหมาจ่ายขั้นต่ำรายเดือนในอัตรา ดังนี้ 3.1 โทรทุกเครือข่าย นาทีละ 1.25 บาท ตลอด 24 ชั่วโมง คิดตามจริงเป็นนาที เศษของนาทีคิดเป็นหนึ่งนาที 3.2 บริการส่งข้อความสั้น (SMS) ระหว่างโทรศัพท์เคลื่อนที่ที่ใช้และจดทะเบียนภายในประเทศ ข้อความละ 2 บาท 3.3 บริการส่งข้อความมัลติมีเดีย (MMS) ระหว่างโทรศัพท์เคลื่อนทีที่ใช้และจดทะเบียนภายในประเทศ ครั้งละ 5 บาท  4. อัตราค่าใช้บริการในข้อ 2 และข้อ 3 ทั้งหมดครอบคลุมเฉพาะค่าบริการโทรออกไปยังเลขหมายโทรศัพท์เคลื่อนที่หรือโทรศัพท์พื้นฐานที่ใช้และจดทะเบียนภายในประเทศ ค่าบริการ 3G/EDGE/GPRS และค่าบริการเสริมตามประเภทและอัตราตามที่ระบุไว้เท่านั้น ไม่รวมถึงค่าบริการอื่นๆ เช่น บริการดาวน์โหลดข้อมูลเนื้อหาต่างๆ, ค่าบริการข่าวสารข้อมูล, ค่าบริการโทรศัพท์ระหว่างประเทศ, ค่าโทรศัพท์ข้ามแดนและบริการเสริมอื่นๆ  5. อัตราค่าใช้บริการข้างต้นทั้งหมดยังไม่รวมภาษีมูลค่าเพิ่ม  6. เงื่อนไขการใช้บริการ Wi-Fi by TrueMove H 6.1 ผู้ใช้บริการสามารถใช้เลขหมายโทรศัพท์เคลื่อนที่ ทรูมูฟ เอช ของผู้ใช้บริการเป็นชื่อ username ตามด้วยโดเมนเนม@TrueMoveH (08xxxxxxxx@truemoveH) และทางระบบจะจัดส่ง password ให้ผู้ใช้บริการผ่านทาง SMS ในการเชื่อมต่ออินเทอร์เน็ต  6.2 ผู้ใช้บริการจะได้รับ username และ password ของ Wi-Fi by TrueMove H ของบริษัท ทรู อินเทอร์เน็ต จำกัด (“ทรู อินเทอร์เน็ต”) หลังจากที่ได้เริ่มใช้บริการ ภายใน 1 ชั่วโมงโดยอัตโนมัติ  6.3 หากผู้ใช้บริการลืม password ของ Wi-Fi by TrueMove H สามารถขอรับ password ใหม่ได้ โดยติดต่อ ทรูมูฟ เอช แคร์ 1331 หรือผ่านช่องทางที่เรียลมูฟ กำหนดให้  6.4 ในระหว่างการให้บริการ Wi-Fi by TrueMove H ทรู อินเทอร์เน็ต มีความจำเป็นต้องตัดระบบการเชื่อมต่ออินเทอร์เน็ต (Session time out) ทุก ๆ 90 นาที เพื่อตรวจสอบ และบันทึกปริมาณการใช้งาน หลังจากการตัดการใช้งานนี้แล้วหากต้องการใช้งานต่อ ผู้ใช้บริการจะต้องปิด และเปิดการเชื่อมต่อสัญญาณใหม่อีกครั้ง  6.5 ในกรณีที่ผู้ใช้บริการ Wi-Fi by TrueMove H ลืม Log Out หรือไม่ได้ใช้บริการติดต่อกันเกิน 10 นาที ระบบจะทำการ Log Out ให้โดยอัตโนมัติ  6.6 Concurrent ในการเชื่อมต่อสัญญาณ Wi-Fi จะมีผู้ใช้งานเพียง 1 คนต่อการใช้งานอินเทอร์เน็ต หรือ Wi-Fi ต่อครั้งเท่านั้น  7. สิทธิใด ๆ ตามที่ระบุไว้ในรายการส่งเสริมการขายนี้ไม่สามารถแลก คืน หรือเปลี่ยนเป็นเงินสดหรือของอื่นใดได้ รวมตลอดทั้งไม่สามารถโอนไปให้บุคคลหรือนิติบุคคลอื่นใดได้ด้วย  8. ผู้ใช้บริการจะไม่สามารถใช้บริการ โทรออกไปยังหมายเลขพิเศษ เช่น 1900 หรือส่งข้อความสั้น (SMS) ที่มีการคิดเงินในเชิงพาณิชย์ ใช้บริการเสริม BlackBerry ทั้งนี้ จนกว่าจะมีการแจ้งเปลี่ยนแปลง  9. หากผู้ใช้บริการกระทำการอันเป็นการอย่างใดอย่างหนึ่งดังต่อไปนี้ เรียลมูฟ ขอสงวนสิทธิในการยกเลิกการให้บริการตามสัญญาได้ทันที 9.1 กระทำการฝ่าฝืนข้อห้ามในสัญญา: หากผู้ใช้บริการกระทำผิดวัตถุประสงค์แห่งสัญญา ให้ถือเป็นการฝ่าฝืนข้อห้ามในสัญญา"วัตถุประสงค์แห่งสัญญา": ผู้ใช้บริการจะต้อง  (ก.) ใช้บริการตามรายการส่งเสริมการขายนี้เพื่อการสื่อสารเฉพาะตนโดยมีเจตนาสุจริตตามวิธีการใช้ บริการเยี่ยงปกติประเพณีของบุคคลธรรมดาทั่วไปที่จะพึงกระทำเท่านั้น มิใช่เพื่อประโยชน์ หรือสิ่งอื่นใดที่อาจถือเอาประโยชน์ได้ และจะไม่นำบริการไปใช้ในเชิงพาณิชย์หรือให้บริการต่อ  (ข.) ไม่ใช้ ไม่นำบริการมาใช้ ไม่ดัดแปลง หรือไม่กระทำการใดๆ ในเทคโนโลยีหรือระบบหรือสิ่งอื่นใดเพื่อเชื่อมต่อหรือเกี่ยวข้องกับการใช้บริการดังกล่าว รวมทั้งไม่กระทำการ อันมีลักษณะหรือคาดหมายได้หรือ เชื่อได้ว่าจะก่อให้เกิดการผิดศีลธรรมหรือเกิดความเสียหายหรือเกิดความไม่เป็นธรรมต่อเรียลมูฟ หรือบุคคลอื่นใด ทั้งในทางตรงและทางอ้อม หรือไม่ทำการรบกวน หรือก่อความไม่สะดวก หรือเป็นอันตรายต่อเครือข่าย หรือทำให้ประสิทธิภาพการปฏิบัติงานของเครือข่ายหรือส่วนใด ๆ ของเครือข่าย เกิดความขัดข้องไม่เป็นไปตามปกติ  9.2 กระทำการที่มีเหตุผลอันเชื่อได้ว่าผู้ใช้บริการทุจริตหรือมีการปลอมแปลงเอกสารในการสมัครใช้หรือรับข้อเสนอของบริการหรือมีพฤติกรรมฉ้อฉลในการใช้บริการหรือนำบริการไปใช้โดยผิดกฎหมาย  10. เรียลมูฟ ขอสงวนสิทธิที่จะแก้ไข เปลี่ยนแปลง ระงับ หรือยกเลิกได้โดยไม่ต้องแจ้งให้ทราบล่วงหน้า หากมีข้อกำหนด คำสั่ง หรือนโยบายของหน่วยงานของรัฐที่เกี่ยวข้องกำหนดให้มีการแก้ไข เปลี่ยนแปลง ระงับ หรือยกเลิกเงื่อนไขของบริการนี้หรือคำสั่งดังกล่าวเป็นการเพิ่มภาระในการดำเนินการของเรียลมูฟ  11. เว้นแต่จะได้ระบุไว้โดยชัดแจ้งเป็นอย่างอื่น เรียลมูฟขอสงวนสิทธิในการแก้ไขเปลี่ยนแปลง ระงับหรือยกเลิกข้อกำหนดนี้ได้ตามความเหมาะสมโดยจะแจ้งให้ทราบล่วงหน้าอย่างน้อย 30 วันผ่านช่องทางที่เรียลมูฟพิจารณาเห็นสมควร  12. รายการส่งเสริมการขายนี้มีระยะเวลา 12 เดือน นับตั้งแต่วันที่จดทะเบียนเปิดใช้บริการตามรายการส่งเสริมการขายนี้', NULL, '2015-06-04 04:07:32', '2015-06-04 04:07:32');
INSERT INTO `tmh_priceplan` (`id`, `fk_tmh_package_id`, `dn_tmh_package_name_th`, `dn_tmh_package_name_en`, `dn_tmh_package_type`, `dn_tmh_package_category_id`, `dn_tmh_package_catagory_type`, `dn_tmh_package_catagory_name_th`, `dn_tmh_package_catagory_name_en`, `dn_tmh_package_message_caption_th`, `dn_tmh_package_message_caption_en`, `dn_tmh_package_telecom_generation`, `dn_tmh_package_status`, `dn_tmh_publish_start_date`, `dn_tmh_publish_end_date`, `dn_tmh_package_js_allow_function`, `dn_tmh_package_sort`, `priceplan_charge_th`, `priceplan_charge_en`, `priceplan_charge_per_th`, `priceplan_charge_per_en`, `privilege_voice_th`, `privilege_voice_en`, `privilege_voice_oc_th`, `privilege_voice_oc_en`, `privilege_data_th`, `privilege_data_en`, `privilege_data_mesage_th`, `privilege_data_mesage_en`, `privilege_data_oc_th`, `privilege_data_oc_en`, `privilege_wifi_th`, `privilege_wifi_en`, `privilege_wifi_oc_th`, `privilege_wifi_oc_en`, `privilege_sms_th`, `privilege_sms_en`, `privilege_sms_oc_th`, `privilege_sms_oc_en`, `privilege_mms_th`, `privilege_mms_en`, `privilege_mms_oc_th`, `privilege_mms_oc_en`, `privilege_tv_anywhere_th`, `privilege_tv_anywhere_en`, `privilege_truecard_th`, `privilege_truecard_en`, `pin_priceplan`, `js_hilight`, `js_marketing_message_th`, `js_marketing_message_en`, `js_tag_th`, `js_tag_en`, `term_condition_th`, `term_condition_en`, `deleted_at`, `created_at`, `updated_at`) VALUES
(7, 2, 'ไอ สมาท', 'Ismart', 'post', 1, 'generic', 'ส่วนใหญ่ บริการขั้นสูง', 'Most Advanced Services', 'สุดคุ้ม แพคเกต ไอสมาท', 'comca ismart service', '3G', 'active', '0000-00-00 00:00:00', NULL, '{"allow_mnp":"no","allow_new_number":"no"}', '1', '499', '499', 'ต่อเดือน', 'pre month', 'โทร|400 นาที', 'Talk|400 mins', '', '', '0 เมกกะไบร์', '0MB', '', '', '0.20 /mb', '0.20 /เมกกะบิต', 'ไม่จำกัด', 'Unlimited', '', '', '', '', '', '', '', '', '', '', 'Free Cable TV On The Go', 'Free Cable TV On The Go', 'ไม่มี', 'Not Offer', 1, '{"voice":"no","data":"yes"}', '{"charge":"\\u0e2d\\u0e31\\u0e19\\u0e14\\u0e31\\u0e1a 1 \\u0e40\\u0e23\\u0e34\\u0e48\\u0e21\\u0e15\\u0e49\\u0e19\\u0e17\\u0e35\\u0e48"}', '{"charge":"1st No. Starting at"}', '', '', '4G iSmart 499  1. รายการส่งเสริมการขายนี้สำหรับผู้สมัครใช้บริการเลขหมายใหม่โทรศัพท์เคลื่อนที่ ทรูมูฟ เอช ของบริษัท เรียล มูฟ จำกัด ("เรียลมูฟ") ในระบบรายเดือน ในนามบุคคลธรรมดา ตั้งแต่วันที่ 26 มีนาคม 2558 ถึง 30 มิถุนายน 2558 หรือจนกว่าจะมีการเปลี่ยนแปลง  2. รายละเอียดรายการส่งเสริมการขาย: อัตราค่าบริการยังไม่รวมภาษีมูลค่าเพิ่ม 2.1. รายการส่งเสริมการขาย 4G iSmart 499 สิทธิตามแพ็กเกจปกติ: คิดอัตราค่าใช้บริการเหมาจ่ายขั้นต่ำรายเดือน 499 บาท ต่อเดือน ผู้ใช้บริการจะได้รับสิทธิใช้บริการ ดังนี้  1. รับสิทธิโทรทุกเครือข่ายจำนวน 150 นาทีต่อเดือน นาทีที่ 151 เป็นต้นไป จะคิดอัตราค่าใช้บริการ เพิ่มเติมจากค่าใช้บริการเหมาจ่ายขั้นต่ำรายเดือนสำหรับการโทรทุกเครือข่ายตลอด 24 ชั่วโมง ในอัตรานาทีละ 1.25 บาท คิดตามจริงเป็นนาที เศษของนาทีคิดเป็นหนึ่งนาที  2. รับสิทธิชมรายการผ่าน ทรูวิชั่นส์ เอนิแวร์แอพพลิเคชั่นบนมือถือ เดือนละ 1 กิกะไบต์ (GB) โดยไม่เสียค่าบริการรับชมรายเดือน เป็นระยะเวลานาน 12 เดือน (รอบบิล) นับตั้งแต่ติดตั้ง ทรูวิชั่นส์ เอนิแวร์ แอพพลิเคชั่น บนมือถือ เสร็จสมบูรณ์ และตราบเท่าที่ลูกค้ายังปฏิบัติตามเงื่อนไข ในรายการส่งเสริมการขายนี้ อย่างถูกต้องและครบถ้วนี  3. รับสิทธิบริการ 4G ที่ความเร็วสูงสุด 100 เมกะบิตต่อวินาที (Mbps) และบริการ 3G/EDGE/GPRS ที่ความเร็วสูงสุด 42 เมกกะบิตต่อวินาที (Mbps) เป็นจำนวน 1.5 กิกะไบต์ (GB) หลังจากนั้น จะใช้ได้ไม่จำกัดปริมาณการใช้งานที่ความเร็วสูงสุดไม่เกิน 128 กิโลบิตต่อวินาที (Kbps) ทั้งนี้ขึ้นอยู่กับพื้นที่ให้บริการและอุปกรณ์ที่รองรับ สามารถตรวจสอบได้ที่ www.truemove-h.com/4G  4. รับสิทธิใช้บริการ Wi-Fi ที่ความเร็วสูงสุด 200 เมกกะไบต์ต่อวินาที (Mbps) ไม่จำกัดปริมาณการใช้งาน ผู้ใช้บริการสามารถตรวจสอบพื้นที่การให้บริการของ WiFi by TrueMove H ได้ที่ www.truewifi.net สิทธิพิเศษเพิ่มเติมจากสิทธิตามแพ็กเกจปกติในเดือน (รอบบิล) ที่ 1 ถึง เดือนที่ 6:  5. รับสิทธิใช้ บริการ 4G ที่ความเร็วสูงสุด 100 เมกะบิตต่อวินาที (Mbps) และบริการ 3G/EDGE/GPRS ที่ความเร็วสูงสุด 42 เมกกะบิตต่อวินาที (Mbps) ตามนโยบายการใช้งานรับส่งข้อมูลอย่างเหมาะสมของ เรียลมูฟ (Fair Usage Policy) ในปริมาณที่เพิ่มจากปริมาณปกติในแพ็กเกจอีก 1.5 กิกกะไบต์ (GB) เป็นจำนวน 3 กิกกะไบต์ (GB) เป็นระยะเวลา 6 เดือน (รอบบิล)  3. ค่าบริการส่วนเกินเหมาจ่าย คิดเพิ่มเติมจากค่าใช้บริการเหมาจ่ายขั้นต่ำรายเดือนในอัตรา ดังนี้ 3.1 โทรทุกเครือข่าย นาทีละ 1.25 บาท ตลอด 24 ชั่วโมง คิดตามจริงเป็นนาที เศษของนาทีคิดเป็นหนึ่งนาที 3.2 บริการส่งข้อความสั้น (SMS) ระหว่างโทรศัพท์เคลื่อนที่ที่ใช้และจดทะเบียนภายในประเทศ ข้อความละ 2 บาท 3.3 บริการส่งข้อความมัลติมีเดีย (MMS) ระหว่างโทรศัพท์เคลื่อนทีที่ใช้และจดทะเบียนภายในประเทศ ครั้งละ 5 บาท  4. อัตราค่าใช้บริการในข้อ 2 และข้อ 3 ทั้งหมดครอบคลุมเฉพาะค่าบริการโทรออกไปยังเลขหมายโทรศัพท์เคลื่อนที่หรือโทรศัพท์พื้นฐานที่ใช้และจดทะเบียนภายในประเทศ ค่าบริการ 3G/EDGE/GPRS และค่าบริการเสริมตามประเภทและอัตราตามที่ระบุไว้เท่านั้น ไม่รวมถึงค่าบริการอื่นๆ เช่น บริการดาวน์โหลดข้อมูลเนื้อหาต่างๆ, ค่าบริการข่าวสารข้อมูล, ค่าบริการโทรศัพท์ระหว่างประเทศ, ค่าโทรศัพท์ข้ามแดนและบริการเสริมอื่นๆ  5. อัตราค่าใช้บริการข้างต้นทั้งหมดยังไม่รวมภาษีมูลค่าเพิ่ม  6. เงื่อนไขการใช้บริการ Wi-Fi by TrueMove H 6.1 ผู้ใช้บริการสามารถใช้เลขหมายโทรศัพท์เคลื่อนที่ ทรูมูฟ เอช ของผู้ใช้บริการเป็นชื่อ username ตามด้วยโดเมนเนม@TrueMoveH (08xxxxxxxx@truemoveH) และทางระบบจะจัดส่ง password ให้ผู้ใช้บริการผ่านทาง SMS ในการเชื่อมต่ออินเทอร์เน็ต  6.2 ผู้ใช้บริการจะได้รับ username และ password ของ Wi-Fi by TrueMove H ของบริษัท ทรู อินเทอร์เน็ต จำกัด (“ทรู อินเทอร์เน็ต”) หลังจากที่ได้เริ่มใช้บริการ ภายใน 1 ชั่วโมงโดยอัตโนมัติ  6.3 หากผู้ใช้บริการลืม password ของ Wi-Fi by TrueMove H สามารถขอรับ password ใหม่ได้ โดยติดต่อ ทรูมูฟ เอช แคร์ 1331 หรือผ่านช่องทางที่เรียลมูฟ กำหนดให้  6.4 ในระหว่างการให้บริการ Wi-Fi by TrueMove H ทรู อินเทอร์เน็ต มีความจำเป็นต้องตัดระบบการเชื่อมต่ออินเทอร์เน็ต (Session time out) ทุก ๆ 90 นาที เพื่อตรวจสอบ และบันทึกปริมาณการใช้งาน หลังจากการตัดการใช้งานนี้แล้วหากต้องการใช้งานต่อ ผู้ใช้บริการจะต้องปิด และเปิดการเชื่อมต่อสัญญาณใหม่อีกครั้ง  6.5 ในกรณีที่ผู้ใช้บริการ Wi-Fi by TrueMove H ลืม Log Out หรือไม่ได้ใช้บริการติดต่อกันเกิน 10 นาที ระบบจะทำการ Log Out ให้โดยอัตโนมัติ  6.6 Concurrent ในการเชื่อมต่อสัญญาณ Wi-Fi จะมีผู้ใช้งานเพียง 1 คนต่อการใช้งานอินเทอร์เน็ต หรือ Wi-Fi ต่อครั้งเท่านั้น  7. สิทธิใด ๆ ตามที่ระบุไว้ในรายการส่งเสริมการขายนี้ไม่สามารถแลก คืน หรือเปลี่ยนเป็นเงินสดหรือของอื่นใดได้ รวมตลอดทั้งไม่สามารถโอนไปให้บุคคลหรือนิติบุคคลอื่นใดได้ด้วย  8. ผู้ใช้บริการจะไม่สามารถใช้บริการ โทรออกไปยังหมายเลขพิเศษ เช่น 1900 หรือส่งข้อความสั้น (SMS) ที่มีการคิดเงินในเชิงพาณิชย์ ใช้บริการเสริม BlackBerry ทั้งนี้ จนกว่าจะมีการแจ้งเปลี่ยนแปลง  9. หากผู้ใช้บริการกระทำการอันเป็นการอย่างใดอย่างหนึ่งดังต่อไปนี้ เรียลมูฟ ขอสงวนสิทธิในการยกเลิกการให้บริการตามสัญญาได้ทันที 9.1 กระทำการฝ่าฝืนข้อห้ามในสัญญา: หากผู้ใช้บริการกระทำผิดวัตถุประสงค์แห่งสัญญา ให้ถือเป็นการฝ่าฝืนข้อห้ามในสัญญา"วัตถุประสงค์แห่งสัญญา": ผู้ใช้บริการจะต้อง  (ก.) ใช้บริการตามรายการส่งเสริมการขายนี้เพื่อการสื่อสารเฉพาะตนโดยมีเจตนาสุจริตตามวิธีการใช้ บริการเยี่ยงปกติประเพณีของบุคคลธรรมดาทั่วไปที่จะพึงกระทำเท่านั้น มิใช่เพื่อประโยชน์ หรือสิ่งอื่นใดที่อาจถือเอาประโยชน์ได้ และจะไม่นำบริการไปใช้ในเชิงพาณิชย์หรือให้บริการต่อ  (ข.) ไม่ใช้ ไม่นำบริการมาใช้ ไม่ดัดแปลง หรือไม่กระทำการใดๆ ในเทคโนโลยีหรือระบบหรือสิ่งอื่นใดเพื่อเชื่อมต่อหรือเกี่ยวข้องกับการใช้บริการดังกล่าว รวมทั้งไม่กระทำการ อันมีลักษณะหรือคาดหมายได้หรือ เชื่อได้ว่าจะก่อให้เกิดการผิดศีลธรรมหรือเกิดความเสียหายหรือเกิดความไม่เป็นธรรมต่อเรียลมูฟ หรือบุคคลอื่นใด ทั้งในทางตรงและทางอ้อม หรือไม่ทำการรบกวน หรือก่อความไม่สะดวก หรือเป็นอันตรายต่อเครือข่าย หรือทำให้ประสิทธิภาพการปฏิบัติงานของเครือข่ายหรือส่วนใด ๆ ของเครือข่าย เกิดความขัดข้องไม่เป็นไปตามปกติ  9.2 กระทำการที่มีเหตุผลอันเชื่อได้ว่าผู้ใช้บริการทุจริตหรือมีการปลอมแปลงเอกสารในการสมัครใช้หรือรับข้อเสนอของบริการหรือมีพฤติกรรมฉ้อฉลในการใช้บริการหรือนำบริการไปใช้โดยผิดกฎหมาย  10. เรียลมูฟ ขอสงวนสิทธิที่จะแก้ไข เปลี่ยนแปลง ระงับ หรือยกเลิกได้โดยไม่ต้องแจ้งให้ทราบล่วงหน้า หากมีข้อกำหนด คำสั่ง หรือนโยบายของหน่วยงานของรัฐที่เกี่ยวข้องกำหนดให้มีการแก้ไข เปลี่ยนแปลง ระงับ หรือยกเลิกเงื่อนไขของบริการนี้หรือคำสั่งดังกล่าวเป็นการเพิ่มภาระในการดำเนินการของเรียลมูฟ  11. เว้นแต่จะได้ระบุไว้โดยชัดแจ้งเป็นอย่างอื่น เรียลมูฟขอสงวนสิทธิในการแก้ไขเปลี่ยนแปลง ระงับหรือยกเลิกข้อกำหนดนี้ได้ตามความเหมาะสมโดยจะแจ้งให้ทราบล่วงหน้าอย่างน้อย 30 วันผ่านช่องทางที่เรียลมูฟพิจารณาเห็นสมควร  12. รายการส่งเสริมการขายนี้มีระยะเวลา 12 เดือน นับตั้งแต่วันที่จดทะเบียนเปิดใช้บริการตามรายการส่งเสริมการขายนี้', '4G iSmart 499  1. รายการส่งเสริมการขายนี้สำหรับผู้สมัครใช้บริการเลขหมายใหม่โทรศัพท์เคลื่อนที่ ทรูมูฟ เอช ของบริษัท เรียล มูฟ จำกัด ("เรียลมูฟ") ในระบบรายเดือน ในนามบุคคลธรรมดา ตั้งแต่วันที่ 26 มีนาคม 2558 ถึง 30 มิถุนายน 2558 หรือจนกว่าจะมีการเปลี่ยนแปลง  2. รายละเอียดรายการส่งเสริมการขาย: อัตราค่าบริการยังไม่รวมภาษีมูลค่าเพิ่ม 2.1. รายการส่งเสริมการขาย 4G iSmart 499 สิทธิตามแพ็กเกจปกติ: คิดอัตราค่าใช้บริการเหมาจ่ายขั้นต่ำรายเดือน 499 บาท ต่อเดือน ผู้ใช้บริการจะได้รับสิทธิใช้บริการ ดังนี้  1. รับสิทธิโทรทุกเครือข่ายจำนวน 150 นาทีต่อเดือน นาทีที่ 151 เป็นต้นไป จะคิดอัตราค่าใช้บริการ เพิ่มเติมจากค่าใช้บริการเหมาจ่ายขั้นต่ำรายเดือนสำหรับการโทรทุกเครือข่ายตลอด 24 ชั่วโมง ในอัตรานาทีละ 1.25 บาท คิดตามจริงเป็นนาที เศษของนาทีคิดเป็นหนึ่งนาที  2. รับสิทธิชมรายการผ่าน ทรูวิชั่นส์ เอนิแวร์แอพพลิเคชั่นบนมือถือ เดือนละ 1 กิกะไบต์ (GB) โดยไม่เสียค่าบริการรับชมรายเดือน เป็นระยะเวลานาน 12 เดือน (รอบบิล) นับตั้งแต่ติดตั้ง ทรูวิชั่นส์ เอนิแวร์ แอพพลิเคชั่น บนมือถือ เสร็จสมบูรณ์ และตราบเท่าที่ลูกค้ายังปฏิบัติตามเงื่อนไข ในรายการส่งเสริมการขายนี้ อย่างถูกต้องและครบถ้วนี  3. รับสิทธิบริการ 4G ที่ความเร็วสูงสุด 100 เมกะบิตต่อวินาที (Mbps) และบริการ 3G/EDGE/GPRS ที่ความเร็วสูงสุด 42 เมกกะบิตต่อวินาที (Mbps) เป็นจำนวน 1.5 กิกะไบต์ (GB) หลังจากนั้น จะใช้ได้ไม่จำกัดปริมาณการใช้งานที่ความเร็วสูงสุดไม่เกิน 128 กิโลบิตต่อวินาที (Kbps) ทั้งนี้ขึ้นอยู่กับพื้นที่ให้บริการและอุปกรณ์ที่รองรับ สามารถตรวจสอบได้ที่ www.truemove-h.com/4G  4. รับสิทธิใช้บริการ Wi-Fi ที่ความเร็วสูงสุด 200 เมกกะไบต์ต่อวินาที (Mbps) ไม่จำกัดปริมาณการใช้งาน ผู้ใช้บริการสามารถตรวจสอบพื้นที่การให้บริการของ WiFi by TrueMove H ได้ที่ www.truewifi.net สิทธิพิเศษเพิ่มเติมจากสิทธิตามแพ็กเกจปกติในเดือน (รอบบิล) ที่ 1 ถึง เดือนที่ 6:  5. รับสิทธิใช้ บริการ 4G ที่ความเร็วสูงสุด 100 เมกะบิตต่อวินาที (Mbps) และบริการ 3G/EDGE/GPRS ที่ความเร็วสูงสุด 42 เมกกะบิตต่อวินาที (Mbps) ตามนโยบายการใช้งานรับส่งข้อมูลอย่างเหมาะสมของ เรียลมูฟ (Fair Usage Policy) ในปริมาณที่เพิ่มจากปริมาณปกติในแพ็กเกจอีก 1.5 กิกกะไบต์ (GB) เป็นจำนวน 3 กิกกะไบต์ (GB) เป็นระยะเวลา 6 เดือน (รอบบิล)  3. ค่าบริการส่วนเกินเหมาจ่าย คิดเพิ่มเติมจากค่าใช้บริการเหมาจ่ายขั้นต่ำรายเดือนในอัตรา ดังนี้ 3.1 โทรทุกเครือข่าย นาทีละ 1.25 บาท ตลอด 24 ชั่วโมง คิดตามจริงเป็นนาที เศษของนาทีคิดเป็นหนึ่งนาที 3.2 บริการส่งข้อความสั้น (SMS) ระหว่างโทรศัพท์เคลื่อนที่ที่ใช้และจดทะเบียนภายในประเทศ ข้อความละ 2 บาท 3.3 บริการส่งข้อความมัลติมีเดีย (MMS) ระหว่างโทรศัพท์เคลื่อนทีที่ใช้และจดทะเบียนภายในประเทศ ครั้งละ 5 บาท  4. อัตราค่าใช้บริการในข้อ 2 และข้อ 3 ทั้งหมดครอบคลุมเฉพาะค่าบริการโทรออกไปยังเลขหมายโทรศัพท์เคลื่อนที่หรือโทรศัพท์พื้นฐานที่ใช้และจดทะเบียนภายในประเทศ ค่าบริการ 3G/EDGE/GPRS และค่าบริการเสริมตามประเภทและอัตราตามที่ระบุไว้เท่านั้น ไม่รวมถึงค่าบริการอื่นๆ เช่น บริการดาวน์โหลดข้อมูลเนื้อหาต่างๆ, ค่าบริการข่าวสารข้อมูล, ค่าบริการโทรศัพท์ระหว่างประเทศ, ค่าโทรศัพท์ข้ามแดนและบริการเสริมอื่นๆ  5. อัตราค่าใช้บริการข้างต้นทั้งหมดยังไม่รวมภาษีมูลค่าเพิ่ม  6. เงื่อนไขการใช้บริการ Wi-Fi by TrueMove H 6.1 ผู้ใช้บริการสามารถใช้เลขหมายโทรศัพท์เคลื่อนที่ ทรูมูฟ เอช ของผู้ใช้บริการเป็นชื่อ username ตามด้วยโดเมนเนม@TrueMoveH (08xxxxxxxx@truemoveH) และทางระบบจะจัดส่ง password ให้ผู้ใช้บริการผ่านทาง SMS ในการเชื่อมต่ออินเทอร์เน็ต  6.2 ผู้ใช้บริการจะได้รับ username และ password ของ Wi-Fi by TrueMove H ของบริษัท ทรู อินเทอร์เน็ต จำกัด (“ทรู อินเทอร์เน็ต”) หลังจากที่ได้เริ่มใช้บริการ ภายใน 1 ชั่วโมงโดยอัตโนมัติ  6.3 หากผู้ใช้บริการลืม password ของ Wi-Fi by TrueMove H สามารถขอรับ password ใหม่ได้ โดยติดต่อ ทรูมูฟ เอช แคร์ 1331 หรือผ่านช่องทางที่เรียลมูฟ กำหนดให้  6.4 ในระหว่างการให้บริการ Wi-Fi by TrueMove H ทรู อินเทอร์เน็ต มีความจำเป็นต้องตัดระบบการเชื่อมต่ออินเทอร์เน็ต (Session time out) ทุก ๆ 90 นาที เพื่อตรวจสอบ และบันทึกปริมาณการใช้งาน หลังจากการตัดการใช้งานนี้แล้วหากต้องการใช้งานต่อ ผู้ใช้บริการจะต้องปิด และเปิดการเชื่อมต่อสัญญาณใหม่อีกครั้ง  6.5 ในกรณีที่ผู้ใช้บริการ Wi-Fi by TrueMove H ลืม Log Out หรือไม่ได้ใช้บริการติดต่อกันเกิน 10 นาที ระบบจะทำการ Log Out ให้โดยอัตโนมัติ  6.6 Concurrent ในการเชื่อมต่อสัญญาณ Wi-Fi จะมีผู้ใช้งานเพียง 1 คนต่อการใช้งานอินเทอร์เน็ต หรือ Wi-Fi ต่อครั้งเท่านั้น  7. สิทธิใด ๆ ตามที่ระบุไว้ในรายการส่งเสริมการขายนี้ไม่สามารถแลก คืน หรือเปลี่ยนเป็นเงินสดหรือของอื่นใดได้ รวมตลอดทั้งไม่สามารถโอนไปให้บุคคลหรือนิติบุคคลอื่นใดได้ด้วย  8. ผู้ใช้บริการจะไม่สามารถใช้บริการ โทรออกไปยังหมายเลขพิเศษ เช่น 1900 หรือส่งข้อความสั้น (SMS) ที่มีการคิดเงินในเชิงพาณิชย์ ใช้บริการเสริม BlackBerry ทั้งนี้ จนกว่าจะมีการแจ้งเปลี่ยนแปลง  9. หากผู้ใช้บริการกระทำการอันเป็นการอย่างใดอย่างหนึ่งดังต่อไปนี้ เรียลมูฟ ขอสงวนสิทธิในการยกเลิกการให้บริการตามสัญญาได้ทันที 9.1 กระทำการฝ่าฝืนข้อห้ามในสัญญา: หากผู้ใช้บริการกระทำผิดวัตถุประสงค์แห่งสัญญา ให้ถือเป็นการฝ่าฝืนข้อห้ามในสัญญา"วัตถุประสงค์แห่งสัญญา": ผู้ใช้บริการจะต้อง  (ก.) ใช้บริการตามรายการส่งเสริมการขายนี้เพื่อการสื่อสารเฉพาะตนโดยมีเจตนาสุจริตตามวิธีการใช้ บริการเยี่ยงปกติประเพณีของบุคคลธรรมดาทั่วไปที่จะพึงกระทำเท่านั้น มิใช่เพื่อประโยชน์ หรือสิ่งอื่นใดที่อาจถือเอาประโยชน์ได้ และจะไม่นำบริการไปใช้ในเชิงพาณิชย์หรือให้บริการต่อ  (ข.) ไม่ใช้ ไม่นำบริการมาใช้ ไม่ดัดแปลง หรือไม่กระทำการใดๆ ในเทคโนโลยีหรือระบบหรือสิ่งอื่นใดเพื่อเชื่อมต่อหรือเกี่ยวข้องกับการใช้บริการดังกล่าว รวมทั้งไม่กระทำการ อันมีลักษณะหรือคาดหมายได้หรือ เชื่อได้ว่าจะก่อให้เกิดการผิดศีลธรรมหรือเกิดความเสียหายหรือเกิดความไม่เป็นธรรมต่อเรียลมูฟ หรือบุคคลอื่นใด ทั้งในทางตรงและทางอ้อม หรือไม่ทำการรบกวน หรือก่อความไม่สะดวก หรือเป็นอันตรายต่อเครือข่าย หรือทำให้ประสิทธิภาพการปฏิบัติงานของเครือข่ายหรือส่วนใด ๆ ของเครือข่าย เกิดความขัดข้องไม่เป็นไปตามปกติ  9.2 กระทำการที่มีเหตุผลอันเชื่อได้ว่าผู้ใช้บริการทุจริตหรือมีการปลอมแปลงเอกสารในการสมัครใช้หรือรับข้อเสนอของบริการหรือมีพฤติกรรมฉ้อฉลในการใช้บริการหรือนำบริการไปใช้โดยผิดกฎหมาย  10. เรียลมูฟ ขอสงวนสิทธิที่จะแก้ไข เปลี่ยนแปลง ระงับ หรือยกเลิกได้โดยไม่ต้องแจ้งให้ทราบล่วงหน้า หากมีข้อกำหนด คำสั่ง หรือนโยบายของหน่วยงานของรัฐที่เกี่ยวข้องกำหนดให้มีการแก้ไข เปลี่ยนแปลง ระงับ หรือยกเลิกเงื่อนไขของบริการนี้หรือคำสั่งดังกล่าวเป็นการเพิ่มภาระในการดำเนินการของเรียลมูฟ  11. เว้นแต่จะได้ระบุไว้โดยชัดแจ้งเป็นอย่างอื่น เรียลมูฟขอสงวนสิทธิในการแก้ไขเปลี่ยนแปลง ระงับหรือยกเลิกข้อกำหนดนี้ได้ตามความเหมาะสมโดยจะแจ้งให้ทราบล่วงหน้าอย่างน้อย 30 วันผ่านช่องทางที่เรียลมูฟพิจารณาเห็นสมควร  12. รายการส่งเสริมการขายนี้มีระยะเวลา 12 เดือน นับตั้งแต่วันที่จดทะเบียนเปิดใช้บริการตามรายการส่งเสริมการขายนี้', NULL, '2015-06-04 04:07:44', '2015-06-04 04:07:44');

-- --------------------------------------------------------

--
-- Table structure for table `tmh_shelf`
--

CREATE TABLE IF NOT EXISTS `tmh_shelf` (
  `id` int(10) unsigned NOT NULL,
  `code` varchar(64) COLLATE utf8_unicode_ci NOT NULL,
  `name_th` varchar(256) COLLATE utf8_unicode_ci NOT NULL,
  `name_en` varchar(256) COLLATE utf8_unicode_ci NOT NULL,
  `banner_th` varchar(256) COLLATE utf8_unicode_ci NOT NULL,
  `banner_en` varchar(256) COLLATE utf8_unicode_ci NOT NULL,
  `note` varchar(256) COLLATE utf8_unicode_ci NOT NULL,
  `js_allow_type` text COLLATE utf8_unicode_ci NOT NULL,
  `js_allow_category` text COLLATE utf8_unicode_ci NOT NULL,
  `deleted_at` datetime NOT NULL,
  `created_at` timestamp NOT NULL DEFAULT '0000-00-00 00:00:00',
  `updated_at` timestamp NOT NULL DEFAULT '0000-00-00 00:00:00'
) ENGINE=InnoDB AUTO_INCREMENT=21 DEFAULT CHARSET=utf8 COLLATE=utf8_unicode_ci;

--
-- Dumping data for table `tmh_shelf`
--

INSERT INTO `tmh_shelf` (`id`, `code`, `name_th`, `name_en`, `banner_th`, `banner_en`, `note`, `js_allow_type`, `js_allow_category`, `deleted_at`, `created_at`, `updated_at`) VALUES
(1, 'most_advance_service', 'โมสแอ๊ดว๊านเซอวิค', 'Most Advanced Services', 'http://th01.deviantart.net/fs70/PRE/i/2014/046/e/8/pokemon_v_day_letters_by_suikuzu-d76jsne.png', 'http://th01.deviantart.net/fs70/PRE/i/2014/046/e/8/pokemon_v_day_letters_by_suikuzu-d76jsne.png', 'xxxxxxx', '{"js_allow_type":{"allow_type_pre":"1","allow_type_post":"1"}}', '{"js_allow_category":{"allow_category_1":"1","allow_category_2":"1","allow_category_3":"1","allow_category_4":"1","allow_category_5":"1"}}', '0000-00-00 00:00:00', '2015-06-03 17:00:00', '2015-06-03 17:00:00'),
(5, 'save_with_our_special_packages', 'โมสแอ๊ดว๊านเซอวิค', 'Most Advanced Services', 'http://th01.deviantart.net/fs70/PRE/i/2014/046/e/8/pokemon_v_day_letters_by_suikuzu-d76jsne.png', 'http://th01.deviantart.net/fs70/PRE/i/2014/046/e/8/pokemon_v_day_letters_by_suikuzu-d76jsne.png', 'xxxxxxx', '{"js_allow_type":{"allow_type_pre":"1","allow_type_post":"1"}}', '{"js_allow_category":{"allow_category_1":"1","allow_category_2":"1","allow_category_3":"1","allow_category_4":"1","allow_category_5":"1"}}', '0000-00-00 00:00:00', '2015-06-03 17:00:00', '2015-06-03 17:00:00'),
(8, 'true_convergence', 'โมสแอ๊ดว๊านเซอวิค', 'Most Advanced Services', 'http://th01.deviantart.net/fs70/PRE/i/2014/046/e/8/pokemon_v_day_letters_by_suikuzu-d76jsne.png', 'http://th01.deviantart.net/fs70/PRE/i/2014/046/e/8/pokemon_v_day_letters_by_suikuzu-d76jsne.png', 'xxxxxxx', '{"js_allow_type":{"allow_type_pre":"1","allow_type_post":"1"}}', '{"js_allow_category":{"allow_category_1":"1","allow_category_2":"1","allow_category_3":"1","allow_category_4":"1","allow_category_5":"1"}}', '0000-00-00 00:00:00', '2015-06-03 17:00:00', '2015-06-03 17:00:00'),
(11, 'move_to_us', 'โมสแอ๊ดว๊านเซอวิค', 'Most Advanced Services', 'http://th01.deviantart.net/fs70/PRE/i/2014/046/e/8/pokemon_v_day_letters_by_suikuzu-d76jsne.png', 'http://th01.deviantart.net/fs70/PRE/i/2014/046/e/8/pokemon_v_day_letters_by_suikuzu-d76jsne.png', 'xxxxxxx', '{"js_allow_type":{"allow_type_pre":"1","allow_type_post":"1"}}', '{"js_allow_category":{"allow_category_1":"1","allow_category_2":"1","allow_category_3":"1","allow_category_4":"1","allow_category_5":"1"}}', '0000-00-00 00:00:00', '2015-06-03 17:00:00', '2015-06-03 17:00:00'),
(14, 'international_service', 'โมสแอ๊ดว๊านเซอวิค', 'Most Advanced Services', 'http://th01.deviantart.net/fs70/PRE/i/2014/046/e/8/pokemon_v_day_letters_by_suikuzu-d76jsne.png', 'http://th01.deviantart.net/fs70/PRE/i/2014/046/e/8/pokemon_v_day_letters_by_suikuzu-d76jsne.png', 'xxxxxxx', '{"js_allow_type":{"allow_type_pre":"1","allow_type_post":"1"}}', '{"js_allow_category":{"allow_category_1":"1","allow_category_2":"1","allow_category_3":"1","allow_category_4":"1","allow_category_5":"1"}}', '0000-00-00 00:00:00', '2015-06-03 17:00:00', '2015-06-03 17:00:00'),
(17, 'packages_pre', 'โมสแอ๊ดว๊านเซอวิค', 'Most Advanced Services', 'http://th01.deviantart.net/fs70/PRE/i/2014/046/e/8/pokemon_v_day_letters_by_suikuzu-d76jsne.png', 'http://th01.deviantart.net/fs70/PRE/i/2014/046/e/8/pokemon_v_day_letters_by_suikuzu-d76jsne.png', 'xxxxxxx', '{"js_allow_type":{"allow_type_pre":"1","allow_type_post":"1"}}', '{"js_allow_category":{"allow_category_1":"1","allow_category_2":"1","allow_category_3":"1","allow_category_4":"1","allow_category_5":"1"}}', '0000-00-00 00:00:00', '2015-06-03 17:00:00', '2015-06-03 17:00:00'),
(20, 'packages_post', 'โมสแอ๊ดว๊านเซอวิค', 'Most Advanced Services', 'http://th01.deviantart.net/fs70/PRE/i/2014/046/e/8/pokemon_v_day_letters_by_suikuzu-d76jsne.png', 'http://th01.deviantart.net/fs70/PRE/i/2014/046/e/8/pokemon_v_day_letters_by_suikuzu-d76jsne.png', 'xxxxxxx', '{"js_allow_type":{"allow_type_pre":"1","allow_type_post":"1"}}', '{"js_allow_category":{"allow_category_1":"1","allow_category_2":"1","allow_category_3":"1","allow_category_4":"1","allow_category_5":"1"}}', '0000-00-00 00:00:00', '2015-06-03 17:00:00', '2015-06-03 17:00:00');

-- --------------------------------------------------------

--
-- Table structure for table `users`
--

CREATE TABLE IF NOT EXISTS `users` (
  `id` int(10) unsigned NOT NULL,
  `name` varchar(255) COLLATE utf8_unicode_ci NOT NULL,
  `email` varchar(255) COLLATE utf8_unicode_ci NOT NULL,
  `password` varchar(60) COLLATE utf8_unicode_ci NOT NULL,
  `remember_token` varchar(100) COLLATE utf8_unicode_ci DEFAULT NULL,
  `created_at` timestamp NOT NULL DEFAULT '0000-00-00 00:00:00',
  `updated_at` timestamp NOT NULL DEFAULT '0000-00-00 00:00:00'
) ENGINE=InnoDB DEFAULT CHARSET=utf8 COLLATE=utf8_unicode_ci;

--
-- Indexes for dumped tables
--

--
-- Indexes for table `password_resets`
--
ALTER TABLE `password_resets`
  ADD KEY `password_resets_email_index` (`email`), ADD KEY `password_resets_token_index` (`token`);

--
-- Indexes for table `tmh_categories`
--
ALTER TABLE `tmh_categories`
  ADD PRIMARY KEY (`id`);

--
-- Indexes for table `tmh_language`
--
ALTER TABLE `tmh_language`
  ADD PRIMARY KEY (`id`);

--
-- Indexes for table `tmh_package`
--
ALTER TABLE `tmh_package`
  ADD PRIMARY KEY (`id`);

--
-- Indexes for table `tmh_package_shelf`
--
ALTER TABLE `tmh_package_shelf`
  ADD PRIMARY KEY (`id`);

--
-- Indexes for table `tmh_priceplan`
--
ALTER TABLE `tmh_priceplan`
  ADD PRIMARY KEY (`id`);

--
-- Indexes for table `tmh_shelf`
--
ALTER TABLE `tmh_shelf`
  ADD PRIMARY KEY (`id`);

--
-- Indexes for table `users`
--
ALTER TABLE `users`
  ADD PRIMARY KEY (`id`), ADD UNIQUE KEY `users_email_unique` (`email`);

--
-- AUTO_INCREMENT for dumped tables
--

--
-- AUTO_INCREMENT for table `tmh_categories`
--
ALTER TABLE `tmh_categories`
  MODIFY `id` int(10) unsigned NOT NULL AUTO_INCREMENT,AUTO_INCREMENT=6;
--
-- AUTO_INCREMENT for table `tmh_language`
--
ALTER TABLE `tmh_language`
  MODIFY `id` int(10) unsigned NOT NULL AUTO_INCREMENT;
--
-- AUTO_INCREMENT for table `tmh_package`
--
ALTER TABLE `tmh_package`
  MODIFY `id` int(10) unsigned NOT NULL AUTO_INCREMENT,AUTO_INCREMENT=9;
--
-- AUTO_INCREMENT for table `tmh_package_shelf`
--
ALTER TABLE `tmh_package_shelf`
  MODIFY `id` int(10) unsigned NOT NULL AUTO_INCREMENT,AUTO_INCREMENT=30;
--
-- AUTO_INCREMENT for table `tmh_priceplan`
--
ALTER TABLE `tmh_priceplan`
  MODIFY `id` int(10) unsigned NOT NULL AUTO_INCREMENT,AUTO_INCREMENT=8;
--
-- AUTO_INCREMENT for table `tmh_shelf`
--
ALTER TABLE `tmh_shelf`
  MODIFY `id` int(10) unsigned NOT NULL AUTO_INCREMENT,AUTO_INCREMENT=21;
--
-- AUTO_INCREMENT for table `users`
--
ALTER TABLE `users`
  MODIFY `id` int(10) unsigned NOT NULL AUTO_INCREMENT;
/*!40101 SET CHARACTER_SET_CLIENT=@OLD_CHARACTER_SET_CLIENT */;
/*!40101 SET CHARACTER_SET_RESULTS=@OLD_CHARACTER_SET_RESULTS */;
/*!40101 SET COLLATION_CONNECTION=@OLD_COLLATION_CONNECTION */;
